episode,steps,X,Y,yaw,steer,throttle,action,reward,done,all_wheels_on_track,progress,closest_waypoint,track_len,tstamp,episode_status,pause_duration
320,1.0,4.631553592890545,-2.1824787230780553,85.19940404933216,-30.0,2.6666666666666665,1,0.0,False,True,0.32240180132877483,1,43.486743799168835,807.406,prepare,0.0
320,2.0,4.631519024410506,-2.1826785743275363,85.19227168293423,0.0,2.6666666666666665,7,2.0,False,True,0.3219371876785033,1,43.486743799168835,807.475,in_progress,0.0
320,3.0,4.630653935892849,-2.174034294296111,85.74586445877648,-30.0,2.6666666666666665,1,2.0,False,True,0.34157848503662364,1,43.486743799168835,807.555,in_progress,0.0
320,4.0,4.633221015948081,-2.1498400011830054,85.54287647049263,30.0,2.6666666666666665,13,2.0,False,True,0.39751350722016304,1,43.486743799168835,807.605,in_progress,0.0
320,5.0,4.637134859585903,-2.1186142307983498,85.16742704350487,0.0,1.3333333333333333,6,2.0,False,True,0.46982044446030974,1,43.486743799168835,807.68,in_progress,0.0
320,6.0,4.645263349774333,-2.0639182300775967,84.38219008039516,15.0,4.0,11,2.0,False,True,0.5967948782143737,1,43.486743799168835,807.754,in_progress,0.0
320,7.0,4.656113678083906,-2.0027342868973306,83.19978233869692,-30.0,1.3333333333333333,0,2.0,False,True,0.7391948910997949,1,43.486743799168835,807.801,in_progress,0.0
320,8.0,4.670838890047522,-1.9322094717263194,81.10214120767866,-15.0,1.3333333333333333,3,2.0,False,True,0.903806641329853,2,43.486743799168835,807.86,in_progress,0.0
320,9.0,4.687748348551999,-1.8576119911938411,79.90338275674954,30.0,2.6666666666666665,13,2.0,False,True,1.078208025951204,2,43.486743799168835,807.894,in_progress,0.0
320,10.0,4.709735760877063,-1.753287586189175,79.244328761633,-15.0,1.3333333333333333,3,2.0,False,True,1.3212468827159438,2,43.486743799168835,808.018,in_progress,0.0
320,11.0,4.729938585303985,-1.6463466592338787,79.22382153463793,-15.0,4.0,5,2.0,False,True,1.5702693432197976,3,43.486743799168835,808.087,in_progress,0.0
320,12.0,4.75338998417435,-1.5416042489846957,78.35458234821355,0.0,2.6666666666666665,7,2.0,False,True,1.8143519926781422,3,43.486743799168835,808.147,in_progress,0.0
320,13.0,4.773853777247028,-1.4478068920578542,78.2352248693821,15.0,2.6666666666666665,10,2.0,False,True,2.0332105951131854,4,43.486743799168835,808.216,in_progress,0.0
320,14.0,4.8020977953861905,-1.296536991387005,78.9147251595385,30.0,2.6666666666666665,13,2.0,False,True,2.3854626543818243,4,43.486743799168835,808.278,in_progress,0.0
320,15.0,4.817942601726231,-1.1765727104597792,80.48425662606314,0.0,4.0,8,2.0,False,True,2.6634139418850022,5,43.486743799168835,808.337,in_progress,0.0
320,16.0,4.827582004505155,-1.0084323978923382,84.17460669731983,30.0,1.3333333333333333,12,2.0,False,True,3.050779820774499,5,43.486743799168835,808.408,in_progress,0.0
320,17.0,4.8218689247400475,-0.8292167651414077,89.15591458978622,15.0,1.3333333333333333,9,2.0,False,True,3.4602796249122534,6,43.486743799168835,808.453,in_progress,0.0
320,18.0,4.80847248075954,-0.7095072055952656,92.31986380962495,30.0,2.6666666666666665,13,2.0,False,True,3.7318504002687622,6,43.486743799168835,808.543,in_progress,0.0
320,19.0,4.778051062399692,-0.5497265378457572,96.9410279170368,15.0,4.0,11,2.0,False,True,4.092039282527042,7,43.486743799168835,808.609,in_progress,0.0
320,20.0,4.7380440708751586,-0.40544554851002407,101.51706152351349,-30.0,2.6666666666666665,1,2.0,False,True,4.415028826514103,8,43.486743799168835,808.653,in_progress,0.0
320,21.0,4.673559259728805,-0.23456783893955518,107.24746810006118,-30.0,4.0,2,1.5,False,True,4.794363910745247,8,43.486743799168835,808.742,in_progress,0.0
320,22.0,4.6094028267795375,-0.07964540691211086,110.4323617384568,30.0,2.6666666666666665,13,1.5,False,True,5.13717037121428,9,43.486743799168835,808.81,in_progress,0.0
320,23.0,4.539136699668436,0.07959748037288021,112.54268921999407,15.0,1.3333333333333333,9,1.1,False,True,5.487753805846879,9,43.486743799168835,808.875,in_progress,0.0
320,24.0,4.454189048801695,0.24266154382666072,115.59547603611335,-15.0,2.6666666666666665,4,1.1,False,True,5.843920930890569,10,43.486743799168835,808.936,in_progress,0.0
320,25.0,4.362690894208553,0.40840581616251914,117.46730343440414,30.0,2.6666666666666665,13,1.1,False,True,6.205688460837853,11,43.486743799168835,809.005,in_progress,0.0
320,26.0,4.286254806704986,0.5364810892259015,119.21828100669596,15.0,2.6666666666666665,10,0.001,False,False,6.486267134070787,11,43.486743799168835,809.085,in_progress,0.0
320,27.0,4.1781130275059315,0.697265899090967,122.13187688016012,-15.0,2.6666666666666665,4,0.001,False,False,6.833856800066938,12,43.486743799168835,809.146,in_progress,0.0
320,28.0,4.0776868085964155,0.8331333948984904,124.61069872558096,-15.0,1.3333333333333333,3,0.001,True,False,7.127130728692793,12,43.486743799168835,809.21,off_track,0.0
321,1.0,4.816594748313241,-0.01601843510231568,85.26296607167174,-15.0,4.0,5,0.0,False,True,0.32244874425147796,9,43.486743799168835,809.328,prepare,0.0
321,2.0,4.816638299144745,-0.01624542890570571,85.24827970682543,-15.0,2.6666666666666665,4,2.0,False,True,0.3219370608445009,9,43.486743799168835,809.41,in_progress,0.0
321,3.0,4.813327002885917,-0.0037039027291001225,86.36448574752563,15.0,2.6666666666666665,10,2.0,False,True,0.35003238216245874,9,43.486743799168835,809.479,in_progress,0.0
321,4.0,4.8151265519070865,0.023393969531219708,86.27534276610889,-30.0,4.0,2,2.0,False,True,0.4124723689565263,9,43.486743799168835,809.54,in_progress,0.0
321,5.0,4.816905837918679,0.061392075502939195,86.44367690752354,-15.0,2.6666666666666665,4,2.0,False,True,0.49988485112034475,10,43.486743799168835,809.611,in_progress,0.0
321,6.0,4.822967795187906,0.1215380724033267,85.79617018271001,-30.0,1.3333333333333333,0,2.0,False,True,0.6388764617100785,10,43.486743799168835,809.679,in_progress,0.0
321,7.0,4.8352676266055665,0.18538752175922704,84.10107961388347,-15.0,1.3333333333333333,3,2.0,False,True,0.787567171215902,10,43.486743799168835,809.717,in_progress,0.0
321,8.0,4.856410772134244,0.2616494558196342,81.18139712541227,-15.0,2.6666666666666665,4,2.0,False,True,0.9664481066727092,10,43.486743799168835,809.811,in_progress,0.0
321,9.0,4.884303737251573,0.3466728053618724,77.96643551152485,15.0,2.6666666666666665,10,2.0,False,True,1.1667288141245882,11,43.486743799168835,809.874,in_progress,0.0
321,10.0,4.917610445373591,0.4428158036635569,75.2771855712242,30.0,1.3333333333333333,12,2.0,False,True,1.3933191538634815,11,43.486743799168835,809.948,in_progress,0.0
321,11.0,4.948556058461305,0.5420739985879116,74.11935044529515,15.0,1.3333333333333333,9,2.0,False,True,1.6267295820178316,11,43.486743799168835,810.005,in_progress,0.0
321,12.0,4.969296947093762,0.6323368468551829,75.15621964125584,15.0,1.3333333333333333,9,2.0,False,True,1.8375607544261028,12,43.486743799168835,810.075,in_progress,0.0
321,13.0,4.99099469820687,0.7314791927529579,76.07792020350855,-15.0,1.3333333333333333,3,1.5,False,True,2.068746364808839,12,43.486743799168835,810.144,in_progress,0.0
321,14.0,5.009924308018324,0.822749162296953,76.82295346260318,30.0,4.0,14,1.5,False,True,2.2815182133777463,13,43.486743799168835,810.202,in_progress,0.0
321,15.0,5.027307887241109,0.918664064337753,77.9415976203694,30.0,2.6666666666666665,13,1.5,False,True,2.5046388600730274,13,43.486743799168835,810.277,in_progress,0.0
321,16.0,5.03666274658385,1.0349452008464917,81.13156880102676,30.0,4.0,14,1.5,False,True,2.7728966393499728,13,43.486743799168835,810.348,in_progress,0.0
321,17.0,5.032449023638499,1.180955923560453,86.58792044299251,30.0,2.6666666666666665,13,1.5,False,True,3.107182989096309,14,43.486743799168835,810.411,in_progress,0.0
321,18.0,5.010978467193024,1.3153118781468898,93.21234897462747,0.0,4.0,8,2.0,False,True,3.4108271658939966,15,43.486743799168835,810.477,in_progress,0.0
321,19.0,4.966812764866147,1.4818892867486935,100.98307374876154,-15.0,4.0,5,2.0,False,True,3.7838160029198042,15,43.486743799168835,810.541,in_progress,0.0
321,20.0,4.89905154360627,1.6643988185989016,109.19394650410028,-30.0,4.0,2,2.0,False,True,4.188907834622288,16,43.486743799168835,810.605,in_progress,0.0
321,21.0,4.835352481478125,1.8056054429465165,115.2906779374147,-15.0,4.0,5,1.5,False,True,4.500293526195026,16,43.486743799168835,810.678,in_progress,0.0
321,22.0,4.740243533163167,1.9889343374621826,122.3121668990226,-15.0,2.6666666666666665,4,1.5,False,True,4.9170723187678025,17,43.486743799168835,810.751,in_progress,0.0
321,23.0,4.625756167582102,2.1739289220606386,129.9971786908638,-15.0,1.3333333333333333,3,1.1,False,True,5.326761456715959,18,43.486743799168835,810.822,in_progress,0.0
321,24.0,4.528585643510728,2.310036101689118,136.76396926139225,15.0,2.6666666666666665,10,1.1,False,True,5.714046655445582,19,43.486743799168835,810.877,in_progress,0.0
321,25.0,4.418966327971344,2.448375020498852,143.59352282104248,30.0,4.0,14,0.001,False,False,6.206451272226356,19,43.486743799168835,810.931,in_progress,0.0
321,26.0,4.301518204846474,2.5798416750925925,148.6247971634555,-15.0,2.6666666666666665,4,0.001,False,False,6.75763181175195,20,43.486743799168835,811.013,in_progress,0.0
321,27.0,4.162285045587748,2.709065824202726,154.17337836380614,-15.0,1.3333333333333333,3,0.001,False,False,7.35781604277001,21,43.486743799168835,811.075,in_progress,0.0
321,28.0,4.027657601390137,2.8150695570937003,160.98117637255154,30.0,1.3333333333333333,12,0.001,True,False,8.478757717515904,23,43.486743799168835,811.14,off_track,0.0
322,1.0,4.9935803634963865,2.151029722881892,86.74332818586244,15.0,2.6666666666666665,10,0.0,False,True,0.3224529187005207,18,43.486743799168835,811.272,prepare,0.0
322,2.0,4.993634897971698,2.1512028121108218,86.7088028076443,0.0,1.3333333333333333,6,2.0,False,True,0.3228574534376652,18,43.486743799168835,811.345,in_progress,0.0
322,3.0,4.99270449107447,2.1626232244734536,87.06146710181872,15.0,1.3333333333333333,9,2.0,False,True,0.3489544080580387,18,43.486743799168835,811.419,in_progress,0.0
322,4.0,4.990451906666268,2.191848632458766,87.95412716323159,30.0,1.3333333333333333,12,2.0,False,True,0.4167743189176801,18,43.486743799168835,811.478,in_progress,0.0
322,5.0,4.984043115118029,2.2279294050757095,89.7858865662787,15.0,2.6666666666666665,10,2.0,False,True,0.5000747005324907,18,43.486743799168835,811.535,in_progress,0.0
322,6.0,4.974877309397844,2.26903803071449,92.00395095453543,15.0,1.3333333333333333,9,2.0,False,True,0.5950861888586165,18,43.486743799168835,811.611,in_progress,0.0
322,7.0,4.955520687768159,2.333590483503628,95.83722447541726,30.0,1.3333333333333333,12,2.0,False,True,0.7445565848778577,19,43.486743799168835,811.682,in_progress,0.0
322,8.0,4.9294110682136125,2.402744896927441,99.99888135330814,30.0,4.0,14,2.0,False,True,0.9049802629260667,19,43.486743799168835,811.743,in_progress,0.0
322,9.0,4.897850012262421,2.4693305519697515,104.52476658614985,-15.0,1.3333333333333333,3,2.0,False,True,1.0861658959517475,19,43.486743799168835,811.82,in_progress,0.0
322,10.0,4.841717681778496,2.5540306731406432,111.57427783678285,-30.0,2.6666666666666665,1,1.5,False,True,1.29834229880188,20,43.486743799168835,811.878,in_progress,0.0
322,11.0,4.795230384284905,2.6247092990065184,115.44263838606477,-15.0,2.6666666666666665,4,1.5,False,True,1.4752707485290548,20,43.486743799168835,811.941,in_progress,0.0
322,12.0,4.734850076295402,2.720307576567926,118.24432299725841,-15.0,2.6666666666666665,4,1.5,False,True,1.779238923598557,20,43.486743799168835,812.009,in_progress,0.0
322,13.0,4.66248921389391,2.8367124123502676,119.86370017854205,-15.0,1.3333333333333333,3,1.5,False,True,2.0835563298575126,21,43.486743799168835,812.077,in_progress,0.0
322,14.0,4.608985600776697,2.9276463263989196,120.0950467335807,-15.0,4.0,5,1.5,False,True,2.394814665423313,21,43.486743799168835,812.148,in_progress,0.0
322,15.0,4.5396178426712,3.052035682323993,119.62258854411276,15.0,4.0,11,1.5,False,True,2.8748699413440493,22,43.486743799168835,812.218,in_progress,0.0
322,16.0,4.471797000681944,3.1750892353400224,119.25959684577386,15.0,1.3333333333333333,9,1.5,False,True,3.1927188493269423,23,43.486743799168835,812.28,in_progress,0.0
322,17.0,4.396374141287651,3.3012529478634316,120.01707090929406,-15.0,2.6666666666666665,4,1.5,False,True,3.5960570664902463,24,43.486743799168835,812.342,in_progress,0.0
322,18.0,4.317435084303519,3.4287731506876513,120.82586302495999,-30.0,2.6666666666666665,1,1.5,False,True,3.873198390328725,24,43.486743799168835,812.411,in_progress,0.0
322,19.0,4.247870932522617,3.5642273805692355,118.83840729635912,0.0,1.3333333333333333,6,1.5,False,True,4.21334034734917,25,43.486743799168835,812.476,in_progress,0.0
322,20.0,4.187540726800607,3.705549259964025,115.73738422418272,-15.0,4.0,5,2.0,False,True,4.51707007999349,25,43.486743799168835,812.551,in_progress,0.0
322,21.0,4.132659814695904,3.848230406023626,113.16565827697575,-30.0,2.6666666666666665,1,2.0,False,True,4.867026119291973,26,43.486743799168835,812.603,in_progress,0.0
322,22.0,4.079568721254101,4.028407421646999,108.9792726743576,0.0,4.0,8,2.0,False,True,5.265407593579885,26,43.486743799168835,812.678,in_progress,0.0
322,23.0,4.049809992713022,4.1721519198676456,105.0997631263044,-30.0,1.3333333333333333,0,2.0,False,True,5.602870732299692,27,43.486743799168835,812.74,in_progress,0.0
322,24.0,4.031973982177173,4.342846662957961,98.43091588850893,-15.0,4.0,5,2.0,False,True,5.961651497188159,28,43.486743799168835,812.81,in_progress,0.0
322,25.0,4.02216504956554,4.537504237548637,93.30498965636771,30.0,4.0,14,1.5,False,True,6.371306548934083,28,43.486743799168835,812.877,in_progress,0.0
322,26.0,4.031897408504377,4.743207251566649,87.847797059415,-30.0,2.6666666666666665,1,1.5,False,True,6.919948622092978,29,43.486743799168835,812.943,in_progress,0.0
322,27.0,4.053193876875467,4.905195844102114,82.87853147181188,0.0,1.3333333333333333,6,2.0,False,True,7.413448493710065,30,43.486743799168835,813.007,in_progress,0.0
322,28.0,4.086017386518052,5.079201367578464,77.35668881188529,0.0,1.3333333333333333,6,2.0,False,True,7.655880611863039,31,43.486743799168835,813.078,in_progress,0.0
322,29.0,4.130478460706527,5.2443585452123855,71.66320166892238,0.0,1.3333333333333333,6,1.5,False,True,7.865202939189075,31,43.486743799168835,813.154,in_progress,0.0
322,30.0,4.191299712932974,5.407381124234833,65.48546780480757,-15.0,4.0,5,1.1,False,True,7.901627246226306,31,43.486743799168835,813.204,in_progress,0.0
322,31.0,4.23945803675612,5.517000585402291,63.401209025232326,0.0,1.3333333333333333,6,1.1,False,True,7.903681469784993,31,43.486743799168835,813.281,in_progress,0.0
322,32.0,4.313380700761744,5.6426249569030285,58.84370630085274,0.0,1.3333333333333333,6,0.001,False,False,7.92579173443854,31,43.486743799168835,813.333,in_progress,0.0
322,33.0,4.381429574067024,5.738098046195827,56.105232531455016,-15.0,4.0,5,0.001,False,False,7.920037592750057,31,43.486743799168835,813.409,in_progress,0.0
322,34.0,4.459243513539823,5.83590679356061,53.966098591758985,-15.0,4.0,5,0.001,True,False,7.901627246226306,31,43.486743799168835,813.472,off_track,0.0
323,1.0,4.106749737264669,4.056523293455174,116.48913051640467,-15.0,2.6666666666666665,4,0.0,False,True,0.31428051537729373,26,43.486743799168835,813.608,prepare,0.0
323,2.0,4.1068257217083,4.056366075567395,116.47441012877896,-15.0,4.0,5,2.0,False,True,0.31388887034120294,26,43.486743799168835,813.674,in_progress,0.0
323,3.0,4.1005079752438665,4.063282342676447,117.34084759988552,0.0,4.0,8,2.0,False,True,0.3326625370590419,27,43.486743799168835,813.745,in_progress,0.0
323,4.0,4.089121980729181,4.077930954108599,118.50165691588823,30.0,2.6666666666666665,13,2.0,False,True,0.37138932361765464,27,43.486743799168835,813.81,in_progress,0.0
323,5.0,4.0719241694625,4.109137977188786,118.58952436451025,15.0,4.0,11,2.0,False,True,0.4502272302472382,27,43.486743799168835,813.879,in_progress,0.0
323,6.0,4.046856602997751,4.147468152764155,119.47535944426821,-30.0,2.6666666666666665,1,2.0,False,True,0.5491080235357215,27,43.486743799168835,813.934,in_progress,0.0
323,7.0,4.017176470029535,4.2088200435377034,118.42568654538066,-30.0,2.6666666666666665,1,2.0,False,True,0.6529039188010843,27,43.486743799168835,814.008,in_progress,0.0
323,8.0,3.9906897522545006,4.279574962534452,116.00573924345058,-15.0,1.3333333333333333,3,1.5,False,True,0.8145216970483538,27,43.486743799168835,814.077,in_progress,0.0
323,9.0,3.9642636163819005,4.358145318297907,113.64089074799843,-15.0,2.6666666666666665,4,1.5,False,True,0.9941111701445515,28,43.486743799168835,814.142,in_progress,0.0
323,10.0,3.938447940416673,4.455149008931365,110.33071596279437,-15.0,2.6666666666666665,4,1.5,False,True,1.1812414132461813,28,43.486743799168835,814.205,in_progress,0.0
323,11.0,3.9201499152377597,4.556488849844031,106.45267756247516,-30.0,4.0,2,1.5,False,True,1.3717171060033284,28,43.486743799168835,814.279,in_progress,0.0
323,12.0,3.909540430016416,4.6844318274754055,100.77451084422725,-30.0,2.6666666666666665,1,1.5,False,True,1.656632540921904,29,43.486743799168835,814.351,in_progress,0.0
323,13.0,3.91753904197679,4.817688451132313,92.89169941124263,15.0,1.3333333333333333,9,1.5,False,True,2.113764113607053,30,43.486743799168835,814.412,in_progress,0.0
323,14.0,3.9410376033732484,4.939949308991635,83.89571016911432,0.0,1.3333333333333333,6,1.5,False,True,2.647268724037491,31,43.486743799168835,814.493,in_progress,0.0
323,15.0,3.9760042873644243,5.0628781489382,75.0998497400255,15.0,1.3333333333333333,9,2.0,False,True,2.8001440776740023,31,43.486743799168835,814.546,in_progress,0.0
323,16.0,4.015115442304621,5.1697409627126465,68.70808986247717,0.0,2.6666666666666665,7,2.0,False,True,2.901627246226304,31,43.486743799168835,814.616,in_progress,0.0
323,17.0,4.057564232755159,5.259936029976639,65.12294712528016,-15.0,2.6666666666666665,4,1.5,False,True,2.9166466319070548,31,43.486743799168835,814.68,in_progress,0.0
323,18.0,4.116279954542014,5.353151787132982,60.87460985709487,-15.0,1.3333333333333333,3,1.1,False,True,2.9257094896690985,31,43.486743799168835,814.74,in_progress,0.0
323,19.0,4.189252422075324,5.447605865578767,56.40617027833891,-15.0,4.0,5,1.1,False,True,2.9092783588948565,31,43.486743799168835,814.811,in_progress,0.0
323,20.0,4.272970676216389,5.5419575392221745,52.81763216889149,0.0,1.3333333333333333,6,1.001,False,True,2.901627246226304,31,43.486743799168835,814.875,in_progress,0.0
323,21.0,4.357888392930196,5.615066375154634,47.002461487229695,-15.0,2.6666666666666665,4,0.001,False,False,2.901627246226304,31,43.486743799168835,814.943,in_progress,0.0
323,22.0,4.480226990007339,5.708539293773546,41.86327104223091,-30.0,1.3333333333333333,0,0.001,True,False,2.901627246226304,31,43.486743799168835,815.009,off_track,0.0
324,1.0,3.0267046395229658,5.580516246964535,158.82168080330916,30.0,2.6666666666666665,13,0.0,False,True,0.32240023138922214,35,43.486743799168835,815.145,prepare,0.0
324,2.0,3.0268155433284525,5.580214408289274,158.8925987451408,15.0,1.3333333333333333,9,2.0,False,True,0.3219217885416792,35,43.486743799168835,815.209,in_progress,0.0
324,3.0,3.0225441155120483,5.584477415332791,158.3163368282335,15.0,2.6666666666666665,10,2.0,False,True,0.33451909736825214,35,43.486743799168835,815.284,in_progress,0.0
324,4.0,3.001647174119495,5.595970293482584,157.6057107487645,0.0,1.3333333333333333,6,2.0,False,True,0.38873443521144635,35,43.486743799168835,815.359,in_progress,0.0
324,5.0,2.9626858437246515,5.618821197245636,156.09445913811194,0.0,2.6666666666666665,7,2.0,False,True,0.490943091088078,35,43.486743799168835,815.413,in_progress,0.0
324,6.0,2.9216208696724753,5.641911019913119,155.11687151196762,30.0,1.3333333333333333,12,2.0,False,True,0.5978825205633531,36,43.486743799168835,815.473,in_progress,0.0
324,7.0,2.873257042770373,5.666077607253183,154.66646550674105,0.0,1.3333333333333333,6,2.0,False,True,0.7214321815747687,36,43.486743799168835,815.542,in_progress,0.0
324,8.0,2.7981241254371594,5.702180745648034,154.4960522678588,15.0,2.6666666666666665,10,2.0,False,True,0.9118424284954324,36,43.486743799168835,815.619,in_progress,0.0
324,9.0,2.7175218673733035,5.739808847400549,154.67187307522155,15.0,1.3333333333333333,9,2.0,False,True,1.1155702966858279,37,43.486743799168835,815.682,in_progress,0.0
324,10.0,2.6340779193623094,5.772501539894378,155.92810652025946,15.0,4.0,11,2.0,False,True,1.3215836958695104,37,43.486743799168835,815.751,in_progress,0.0
324,11.0,2.540234216265047,5.801970861139298,158.4526953131595,-15.0,4.0,5,2.0,False,True,1.5397699728255527,37,43.486743799168835,815.81,in_progress,0.0
324,12.0,2.4326756540230976,5.8359226594638,160.0528824279183,30.0,2.6666666666666665,13,2.0,False,True,1.7989962246546198,38,43.486743799168835,815.878,in_progress,0.0
324,13.0,2.307342452858765,5.869299125501703,162.3929253464707,-15.0,1.3333333333333333,3,2.0,False,True,2.0853044973060286,38,43.486743799168835,815.943,in_progress,0.0
324,14.0,2.189780073361052,5.893001753636171,165.09628011322064,-15.0,4.0,5,2.0,False,True,2.3610142467166915,39,43.486743799168835,816.006,in_progress,0.0
324,15.0,2.054203592384761,5.921122126405257,166.71810111617503,0.0,4.0,8,2.0,False,True,2.6628902412869553,39,43.486743799168835,816.067,in_progress,0.0
324,16.0,1.8801148906237108,5.955995928299349,167.97359845445408,15.0,1.3333333333333333,9,2.0,False,True,3.067812324811961,40,43.486743799168835,816.165,in_progress,0.0
324,17.0,1.7180388131537105,5.9744099940891795,171.06538597469287,-30.0,4.0,2,1.5,False,True,3.4167845638563787,41,43.486743799168835,816.206,in_progress,0.0
324,18.0,1.5991865238575385,5.983343285008711,173.09256325413887,15.0,1.3333333333333333,9,1.5,False,True,3.681697252427446,41,43.486743799168835,816.279,in_progress,0.0
324,19.0,1.4564756407165191,5.9877480795987115,176.01692836475516,30.0,2.6666666666666665,13,1.5,False,True,3.983457599943807,42,43.486743799168835,816.32,in_progress,0.0
324,20.0,1.3091807776402824,5.985634091783013,178.59109964348275,15.0,1.3333333333333333,9,1.5,False,True,4.284728626006315,42,43.486743799168835,816.408,in_progress,0.0
324,21.0,1.1714233750470475,5.970788332253179,-177.65904497327534,-15.0,2.6666666666666665,4,1.5,False,True,4.601135155884995,43,43.486743799168835,816.482,in_progress,0.0
324,22.0,1.026084547643501,5.944957054882377,-173.74660855326485,30.0,1.3333333333333333,12,1.5,False,True,4.910813388926519,43,43.486743799168835,816.543,in_progress,0.0
324,23.0,0.8965775641630215,5.909323985337301,-168.88945790242843,30.0,1.3333333333333333,12,1.5,False,True,5.219613763264464,44,43.486743799168835,816.623,in_progress,0.0
324,24.0,0.7610902205055621,5.858172062092104,-163.92693099754888,30.0,1.3333333333333333,12,1.5,False,True,5.5501564155441665,44,43.486743799168835,816.674,in_progress,0.0
324,25.0,0.6582813900576692,5.804076878408247,-158.75533191797624,-30.0,2.6666666666666665,1,1.5,False,True,5.812488117217579,45,43.486743799168835,816.738,in_progress,0.0
324,26.0,0.5698214872657597,5.7443540514793785,-153.67032852248138,-15.0,2.6666666666666665,4,1.5,False,True,6.046717320413109,45,43.486743799168835,816.822,in_progress,0.0
324,27.0,0.46811958464077263,5.664733673130616,-148.23517987846603,-15.0,4.0,5,2.0,False,True,6.323733239174451,46,43.486743799168835,816.879,in_progress,0.0
324,28.0,0.35189178804452814,5.566327425139606,-143.66560611253072,-15.0,1.3333333333333333,3,2.0,False,True,6.645129876394451,46,43.486743799168835,816.947,in_progress,0.0
324,29.0,0.25198039992999677,5.4731541541650355,-138.8480025488753,0.0,1.3333333333333333,6,2.0,False,True,6.927568294189284,47,43.486743799168835,817.022,in_progress,0.0
324,30.0,0.14281041194850763,5.360982908665192,-135.61632132137137,-15.0,4.0,5,2.0,False,True,7.2437454118235545,47,43.486743799168835,817.068,in_progress,0.0
324,31.0,0.07577788043491449,5.288977069220096,-134.6390995321346,-30.0,1.3333333333333333,0,1.5,False,True,7.439905903595307,48,43.486743799168835,817.143,in_progress,0.0
324,32.0,-0.024365482646208803,5.204379408099322,-136.82884595964723,30.0,2.6666666666666665,13,1.5,False,True,7.717361239986237,48,43.486743799168835,817.215,in_progress,0.0
324,33.0,-0.1346468268986989,5.120023352552638,-139.67376748064666,15.0,2.6666666666666665,10,1.5,False,True,8.017765393677806,48,43.486743799168835,817.273,in_progress,0.0
324,34.0,-0.2436693226541753,5.029177682786476,-139.89928979925006,15.0,1.3333333333333333,9,1.1,False,True,8.321430079844665,49,43.486743799168835,817.346,in_progress,0.0
324,35.0,-0.33471492350961507,4.94689063048067,-138.9379423289164,30.0,2.6666666666666665,13,1.1,False,True,8.57787937887951,49,43.486743799168835,817.41,in_progress,0.0
324,36.0,-0.43582802209944815,4.844311085765855,-136.7643217701012,15.0,2.6666666666666665,10,1.1,False,True,8.8703999462446,50,43.486743799168835,817.479,in_progress,0.0
324,37.0,-0.5275548805088802,4.737089488983261,-133.74210580166002,30.0,1.3333333333333333,12,0.001,False,False,9.152841065307864,50,43.486743799168835,817.544,in_progress,0.0
324,38.0,-0.6144320162259009,4.61715905031357,-129.5273906359422,15.0,2.6666666666666665,10,0.001,False,False,9.427370951613767,51,43.486743799168835,817.61,in_progress,0.0
324,39.0,-0.6875814032925202,4.496020870897363,-125.35466813934629,-15.0,2.6666666666666665,4,0.001,False,False,9.671630712933249,51,43.486743799168835,817.665,in_progress,0.0
324,40.0,-0.7605404064983131,4.353490959736609,-120.84871565101434,-15.0,4.0,5,0.001,True,False,9.931399398691621,52,43.486743799168835,817.752,off_track,0.0
325,1.0,0.9109574819656188,5.705280190373103,-163.34310413086772,-15.0,1.3333333333333333,3,0.0,False,True,0.32231893761885955,44,43.486743799168835,817.87,prepare,0.0
325,2.0,0.9111027105945763,5.705373992686768,-163.35671995085517,15.0,4.0,11,2.0,False,True,0.321937187678506,44,43.486743799168835,817.942,in_progress,0.0
325,3.0,0.9011290387899833,5.706292144449924,-164.2195534947581,-30.0,2.6666666666666665,1,2.0,False,True,0.34330661914684923,44,43.486743799168835,818.02,in_progress,0.0
325,4.0,0.8808872327502324,5.7025853703491824,-165.0416367681213,-15.0,2.6666666666666665,4,2.0,False,True,0.3903450252731533,44,43.486743799168835,818.077,in_progress,0.0
325,5.0,0.8407047412921791,5.692130188070382,-165.22169765806612,0.0,4.0,8,2.0,False,True,0.4856959079032941,44,43.486743799168835,818.125,in_progress,0.0
325,6.0,0.8247896791519527,5.6892305623419865,-165.53433557881158,15.0,2.6666666666666665,10,2.0,False,True,0.5226541497506287,44,43.486743799168835,818.21,in_progress,0.0
325,7.0,0.7545678419737976,5.664118500529021,-164.1579623349017,-15.0,2.6666666666666665,4,2.0,False,True,0.6939404959419471,44,43.486743799168835,818.287,in_progress,0.0
325,8.0,0.677136588192633,5.636866966469105,-163.1390819286269,-15.0,1.3333333333333333,3,2.0,False,True,0.8825195797920515,45,43.486743799168835,818.339,in_progress,0.0
325,9.0,0.5987957162987416,5.6103656689991706,-162.55660830187244,30.0,4.0,14,2.0,False,True,1.0726010450771928,45,43.486743799168835,818.407,in_progress,0.0
325,10.0,0.523960041361619,5.584119935155056,-161.92225823078007,15.0,2.6666666666666665,10,2.0,False,True,1.2548040966965823,45,43.486743799168835,818.482,in_progress,0.0
325,11.0,0.4190704089205545,5.545839168565765,-161.0869343334517,30.0,4.0,14,2.0,False,True,1.5111796785696185,46,43.486743799168835,818.54,in_progress,0.0
325,12.0,0.31527607090825205,5.496518276741197,-158.2126139047017,-15.0,1.3333333333333333,3,2.0,False,True,1.7726629850847275,46,43.486743799168835,818.611,in_progress,0.0
325,13.0,0.2136446690457315,5.437332528372335,-154.05146163947975,30.0,4.0,14,2.0,False,True,2.0359871820323394,47,43.486743799168835,818.679,in_progress,0.0
325,14.0,0.10105618552053011,5.367512070460314,-151.24756388070915,-30.0,4.0,2,2.0,False,True,2.331048203246,47,43.486743799168835,818.735,in_progress,0.0
325,15.0,-0.002064014129157535,5.294149281067068,-148.10693118719195,30.0,4.0,14,1.5,False,True,2.607416003345536,48,43.486743799168835,818.793,in_progress,0.0
325,16.0,-0.1276295058238959,5.194942698612848,-144.57507517009583,-15.0,4.0,5,1.5,False,True,2.951252895308637,48,43.486743799168835,818.888,in_progress,0.0
325,17.0,-0.2673416821621709,5.069726250198647,-140.73199308874354,-15.0,2.6666666666666665,4,1.5,False,True,3.345419676390354,49,43.486743799168835,818.94,in_progress,0.0
325,18.0,-0.3965689412182387,4.9521382602234505,-138.86359800316342,15.0,1.3333333333333333,9,1.1,False,True,3.7099617790317287,50,43.486743799168835,819.008,in_progress,0.0
325,19.0,-0.5203143497498764,4.824624648568487,-135.98809864431107,-30.0,1.3333333333333333,0,1.1,False,True,4.075446446194203,50,43.486743799168835,819.05,in_progress,0.0
325,20.0,-0.6132025651530826,4.7265476658280585,-134.71267525558304,-15.0,2.6666666666666665,4,1.1,False,True,4.347773087517131,51,43.486743799168835,819.149,in_progress,0.0
325,21.0,-0.7367373036285679,4.603048746021722,-134.96775792999895,15.0,2.6666666666666665,10,0.001,False,False,4.704190683440923,51,43.486743799168835,819.211,in_progress,0.0
325,22.0,-0.8399729725160521,4.498026910117778,-134.7120577995089,-30.0,2.6666666666666665,1,0.001,False,False,5.003948279568393,52,43.486743799168835,819.277,in_progress,0.0
325,23.0,-0.95521419881541,4.384151416291896,-135.18463341922592,-15.0,4.0,5,0.001,False,False,5.337047639245701,53,43.486743799168835,819.343,in_progress,0.0
325,24.0,-1.0893734972134728,4.2641363838059565,-137.12295748226663,15.0,4.0,11,0.001,True,False,5.715055730282382,53,43.486743799168835,819.415,off_track,0.0
326,1.0,-1.1650412315078695,5.058851556463175,-162.19510572449707,-15.0,4.0,5,0.0,False,True,0.3223640217304202,52,43.486743799168835,819.544,prepare,0.0
326,2.0,-1.1648849361686997,5.058972026500022,-162.2364631523206,-15.0,2.6666666666666665,4,2.0,False,True,0.3219371503078883,52,43.486743799168835,819.609,in_progress,0.0
326,3.0,-1.1730378155811945,5.056112568270931,-162.14867565077168,0.0,2.6666666666666665,7,2.0,False,True,0.3417976655826549,53,43.486743799168835,819.674,in_progress,0.0
326,4.0,-1.2006766919815939,5.048111122856194,-162.362598463302,0.0,2.6666666666666665,7,2.0,False,True,0.4079371090564554,53,43.486743799168835,819.737,in_progress,0.0
326,5.0,-1.230484199758279,5.0396092047059176,-162.55048184285803,-15.0,1.3333333333333333,3,2.0,False,True,0.4791765715099261,53,43.486743799168835,819.807,in_progress,0.0
326,6.0,-1.2906125070345533,5.024285341765787,-163.23656598199963,-15.0,1.3333333333333333,3,2.0,False,True,0.6215993888133597,53,43.486743799168835,819.869,in_progress,0.0
326,7.0,-1.3466576423165528,5.01389572668382,-164.71049708432938,-15.0,2.6666666666666665,4,2.0,False,True,0.7516147566341169,53,43.486743799168835,819.935,in_progress,0.0
326,8.0,-1.4311412087132662,5.002950105524099,-167.34410235212542,0.0,2.6666666666666665,7,2.0,False,True,0.9442891212518179,54,43.486743799168835,820.001,in_progress,0.0
326,9.0,-1.5131802825299345,4.992699867042635,-169.12001224144618,-30.0,4.0,2,2.0,False,True,1.1311224823706556,54,43.486743799168835,820.065,in_progress,0.0
326,10.0,-1.6389937079779069,4.98473139571666,-172.38706609029458,0.0,2.6666666666666665,7,2.0,False,True,1.4122101455207425,54,43.486743799168835,820.134,in_progress,0.0
326,11.0,-1.742145240114148,4.989442820961626,-176.50750051982556,-15.0,1.3333333333333333,3,1.5,False,True,1.6347636205915839,55,43.486743799168835,820.208,in_progress,0.0
326,12.0,-1.8685225185354353,5.00931702974424,176.60215671029025,0.0,1.3333333333333333,6,1.5,False,True,1.8975164798330113,55,43.486743799168835,820.275,in_progress,0.0
326,13.0,-1.9742924470164271,5.033739294437333,172.240697495277,0.0,1.3333333333333333,6,1.5,False,True,2.1119552099862826,56,43.486743799168835,820.339,in_progress,0.0
326,14.0,-2.0722155654133037,5.061867111624769,169.13152724045025,30.0,1.3333333333333333,12,1.1,False,True,2.3066092582626316,56,43.486743799168835,820.411,in_progress,0.0
326,15.0,-2.1659701068965793,5.087341634225904,167.61838589501474,15.0,1.3333333333333333,9,1.1,False,True,2.4939773087856,56,43.486743799168835,820.482,in_progress,0.0
326,16.0,-2.255736405254564,5.110011406907877,167.01564109319997,15.0,2.6666666666666665,10,1.1,False,True,2.6746020752847266,57,43.486743799168835,820.532,in_progress,0.0
326,17.0,-2.3503833585588754,5.131905565750507,166.96571298688468,-30.0,1.3333333333333333,0,1.1,False,True,2.866458427334356,57,43.486743799168835,820.611,in_progress,0.0
326,18.0,-2.4572990785524618,5.1554255964834335,167.25848776066277,30.0,1.3333333333333333,12,1.1,False,True,3.0840514915425166,57,43.486743799168835,820.677,in_progress,0.0
326,19.0,-2.5546580861119224,5.17645745554828,167.51307814612846,30.0,1.3333333333333333,12,0.001,False,False,3.28245354436088,58,43.486743799168835,820.745,in_progress,0.0
326,20.0,-2.656490835366938,5.1893024408250294,169.5939083530733,15.0,4.0,11,0.001,False,False,3.496402945014837,58,43.486743799168835,820.805,in_progress,0.0
326,21.0,-2.7651847541826746,5.201177727266535,171.151065541522,-15.0,2.6666666666666665,4,0.001,False,False,3.726098190007898,58,43.486743799168835,820.863,in_progress,0.0
326,22.0,-2.8668705670483905,5.210767491121447,172.38219744740297,30.0,2.6666666666666665,13,0.001,False,False,3.9420154473535196,59,43.486743799168835,820.936,in_progress,0.0
326,23.0,-3.0100280775153787,5.221118718458483,174.1751987466604,15.0,2.6666666666666665,10,0.001,True,False,4.2481678808604535,59,43.486743799168835,821.009,off_track,0.0
327,1.0,-3.2353777354671456,4.394557041279761,-162.2248570363875,15.0,1.3333333333333333,9,0.0,False,True,0.3222779557966349,61,43.486743799168835,821.13,prepare,0.0
327,2.0,-3.2352439203560346,4.394625773456337,-162.21129570127948,-30.0,1.3333333333333333,0,2.0,False,True,0.3219368389602295,61,43.486743799168835,821.219,in_progress,0.0
327,3.0,-3.2406310271880097,4.392093630559666,-162.0666059980502,-15.0,2.6666666666666665,4,2.0,False,True,0.33550602017793363,61,43.486743799168835,821.275,in_progress,0.0
327,4.0,-3.257351901023438,4.3838074395580975,-161.3015163145946,0.0,4.0,8,2.0,False,True,0.37791995967404457,61,43.486743799168835,821.351,in_progress,0.0
327,5.0,-3.2915110773380287,4.372795530944504,-161.48643134313045,-30.0,1.3333333333333333,0,2.0,False,True,0.46045067701432907,61,43.486743799168835,821.41,in_progress,0.0
327,6.0,-3.333898422391599,4.364870709258271,-162.97443792393724,-15.0,2.6666666666666665,4,2.0,False,True,0.5588669415624581,62,43.486743799168835,821.477,in_progress,0.0
327,7.0,-3.3988120678295553,4.353251161265595,-164.73518917653507,30.0,2.6666666666666665,13,2.0,False,True,0.7092258066954849,62,43.486743799168835,821.538,in_progress,0.0
327,8.0,-3.4628147342048483,4.340731694360371,-165.9016006003449,0.0,1.3333333333333333,6,2.0,False,True,0.8585366574246078,62,43.486743799168835,821.61,in_progress,0.0
327,9.0,-3.5486440355641524,4.323026024322419,-166.82668656060721,0.0,1.3333333333333333,6,2.0,False,True,1.059134802047107,62,43.486743799168835,821.67,in_progress,0.0
327,10.0,-3.6313566071432763,4.308429623035752,-167.88588620375427,15.0,1.3333333333333333,9,2.0,False,True,1.2507760247956412,63,43.486743799168835,821.744,in_progress,0.0
327,11.0,-3.71396890642198,4.290647186687416,-167.85291596256548,30.0,2.6666666666666665,13,2.0,False,True,1.4453285836738883,63,43.486743799168835,821.802,in_progress,0.0
327,12.0,-3.810441906960362,4.262169189648309,-166.17798266548738,30.0,1.3333333333333333,12,2.0,False,True,1.6766361079388004,63,43.486743799168835,821.877,in_progress,0.0
327,13.0,-3.9037541805214606,4.219986224661745,-162.11731823093515,0.0,1.3333333333333333,6,2.0,False,True,1.9099789632809006,64,43.486743799168835,821.944,in_progress,0.0
327,14.0,-3.9794969879398905,4.179532962839408,-158.73808916402027,0.0,1.3333333333333333,6,2.0,False,True,2.10142746812601,64,43.486743799168835,822.005,in_progress,0.0
327,15.0,-4.063518557723096,4.126505813558459,-154.6881921124913,0.0,1.3333333333333333,6,2.0,False,True,2.324814918904999,65,43.486743799168835,822.079,in_progress,0.0
327,16.0,-4.144913262657613,4.0730430416754375,-151.703052302022,30.0,2.6666666666666665,13,2.0,False,True,2.5428763028722488,65,43.486743799168835,822.137,in_progress,0.0
327,17.0,-4.2289996577486955,4.010703861554814,-148.43411169213078,30.0,2.6666666666666665,13,2.0,False,True,2.7840910331864643,65,43.486743799168835,822.214,in_progress,0.0
327,18.0,-4.346357005276315,3.89650636432752,-141.42891663416887,0.0,1.3333333333333333,6,2.0,False,True,3.166569936457808,66,43.486743799168835,822.256,in_progress,0.0
327,19.0,-4.35967900728544,3.8804600424121563,-140.24401525659496,30.0,2.6666666666666665,13,1.5,False,True,3.2119956470779587,66,43.486743799168835,822.341,in_progress,0.0
327,20.0,-4.477274213280324,3.70547350837799,-127.86893812300397,0.0,1.3333333333333333,6,1.5,False,True,3.6531455804644675,67,43.486743799168835,822.42,in_progress,0.0
327,21.0,-4.533327927140849,3.593209973334953,-120.18657487153402,15.0,1.3333333333333333,9,1.5,False,True,3.993494260289637,67,43.486743799168835,822.486,in_progress,0.0
327,22.0,-4.578697557327921,3.4776003460394658,-112.23557877728219,15.0,4.0,11,1.1,False,True,4.423081190046036,68,43.486743799168835,822.542,in_progress,0.0
327,23.0,-4.611124735684987,3.364135020047129,-105.82723273254123,0.0,2.6666666666666665,7,1.1,False,True,4.680349486565255,69,43.486743799168835,822.592,in_progress,0.0
327,24.0,-4.621967348545502,3.2288331693862915,-96.14055317735914,30.0,1.3333333333333333,12,1.1,False,True,5.280090723032177,70,43.486743799168835,822.678,in_progress,0.0
327,25.0,-4.6171669308579455,3.104010559223474,-85.70981713135434,30.0,4.0,14,1.1,False,True,5.877200284500617,71,43.486743799168835,822.744,in_progress,0.0
327,26.0,-4.605186130595289,2.9816496378175104,-78.84146364027406,0.0,4.0,8,1.1,False,True,6.324387861008368,72,43.486743799168835,822.818,in_progress,0.0
327,27.0,-4.567592624311442,2.8450535317459034,-69.80693756136156,-15.0,4.0,5,1.1,False,True,6.829354537087662,72,43.486743799168835,822.881,in_progress,0.0
327,28.0,-4.5189714470099265,2.7192774544709515,-61.71001195617422,30.0,1.3333333333333333,12,1.5,False,True,7.312093507146028,73,43.486743799168835,822.937,in_progress,0.0
327,29.0,-4.456108319080253,2.5812533340848476,-53.11106141490832,0.0,4.0,8,1.5,False,True,7.623221554434378,74,43.486743799168835,823.008,in_progress,0.0
327,30.0,-4.398277507910855,2.4724026895930398,-46.78289706916935,15.0,4.0,11,1.5,False,True,7.970171631576928,74,43.486743799168835,823.083,in_progress,0.0
327,31.0,-4.311806731662787,2.346172790711381,-39.766646771564666,30.0,1.3333333333333333,12,2.0,False,True,8.265000611539458,75,43.486743799168835,823.143,in_progress,0.0
327,32.0,-4.230489930702803,2.248310292059069,-33.44151661761387,15.0,1.3333333333333333,9,2.0,False,True,8.508117321162828,75,43.486743799168835,823.202,in_progress,0.0
327,33.0,-4.1598360554002385,2.1683926978067993,-28.676688226824925,30.0,1.3333333333333333,12,1.5,False,True,8.698872291527543,76,43.486743799168835,823.274,in_progress,0.0
327,34.0,-4.065740046288052,2.073033030893704,-24.531483270794425,-15.0,2.6666666666666665,4,1.5,False,True,8.901187501018375,76,43.486743799168835,823.344,in_progress,0.0
327,35.0,-3.974257621777541,2.001264760101737,-22.078965966469916,30.0,2.6666666666666665,13,1.5,False,True,9.087387661786362,76,43.486743799168835,823.416,in_progress,0.0
327,36.0,-3.8713428985217138,1.9470911657769423,-18.85950366858073,-30.0,1.3333333333333333,0,1.1,False,True,9.323997003819123,77,43.486743799168835,823.477,in_progress,0.0
327,37.0,-3.7372723737996405,1.901661726249056,-13.4190664959415,15.0,2.6666666666666665,10,1.1,False,True,9.529165645530785,77,43.486743799168835,823.516,in_progress,0.0
327,38.0,-3.713086854374159,1.8947623772206468,-12.693559341380663,15.0,2.6666666666666665,10,1.1,False,True,9.58237733968943,77,43.486743799168835,823.614,in_progress,0.0
327,39.0,-3.5235817119697552,1.8666696996884724,-7.049341237792653,0.0,2.6666666666666665,7,1.1,False,True,10.006740735916047,78,43.486743799168835,823.688,in_progress,0.0
327,40.0,-3.370240629916235,1.8665569071227281,-3.0577610547253005,-15.0,1.3333333333333333,3,1.1,False,True,10.255804220167263,78,43.486743799168835,823.74,in_progress,0.0
327,41.0,-3.2331422297231387,1.8767036528288192,0.7589770490497044,-30.0,1.3333333333333333,0,0.001,False,False,10.568458913926648,79,43.486743799168835,823.809,in_progress,0.0
327,42.0,-3.1164826338196185,1.880318960178988,1.1089940485115237,-30.0,1.3333333333333333,0,0.001,False,False,10.749044443596635,79,43.486743799168835,823.877,in_progress,0.0
327,43.0,-2.992300611529293,1.8766484252987994,-0.11796912462782393,-30.0,1.3333333333333333,0,0.001,False,False,11.01986809005347,80,43.486743799168835,823.937,in_progress,0.0
327,44.0,-2.8882465453035127,1.866039501798274,-2.3476097049937534,-30.0,2.6666666666666665,1,0.001,False,False,11.212950258683579,80,43.486743799168835,824.012,in_progress,0.0
327,45.0,-2.7744635456150033,1.8434279804871003,-6.190916001960983,15.0,2.6666666666666665,10,0.001,False,False,11.423095935035988,80,43.486743799168835,824.083,in_progress,0.0
327,46.0,-2.645021773323996,1.8045967184415568,-11.15443899151414,-30.0,4.0,2,0.001,True,False,11.675534814405092,81,43.486743799168835,824.149,off_track,0.0
328,1.0,-4.9796317647130275,3.2946882417064725,-103.3756849497395,-15.0,4.0,5,0.0,False,True,0.3224159385420533,70,43.486743799168835,824.277,prepare,0.0
328,2.0,-4.979319284770788,3.294828141011742,-103.3337604497623,30.0,2.6666666666666665,13,2.0,False,True,0.321937187678506,70,43.486743799168835,824.346,in_progress,0.0
328,3.0,-4.983554300698602,3.286185479136397,-103.76180817731053,30.0,4.0,14,2.0,False,True,0.3435216401639962,70,43.486743799168835,824.411,in_progress,0.0
328,4.0,-4.987579298460698,3.265222364542835,-103.42091465709623,30.0,4.0,14,2.0,False,True,0.39256249901845064,70,43.486743799168835,824.476,in_progress,0.0
328,5.0,-4.99412826304856,3.2317427663168714,-103.20039600872536,-30.0,1.3333333333333333,0,2.0,False,True,0.46906263712054863,70,43.486743799168835,824.541,in_progress,0.0
328,6.0,-5.004257649021193,3.1770989739568365,-102.70018667201386,0.0,1.3333333333333333,6,2.0,False,True,0.5904202541742731,70,43.486743799168835,824.605,in_progress,0.0
328,7.0,-5.019505535167112,3.112059869236537,-102.89445133776799,30.0,1.3333333333333333,12,2.0,False,True,0.733873226120968,71,43.486743799168835,824.67,in_progress,0.0
328,8.0,-5.032842483774749,3.0373788906488626,-102.12560364035916,0.0,1.3333333333333333,6,2.0,False,True,0.899888567494983,71,43.486743799168835,824.751,in_progress,0.0
328,9.0,-5.041712634177216,2.9553628573346242,-100.28767238562288,15.0,4.0,11,2.0,False,True,1.0394644853331136,71,43.486743799168835,824.809,in_progress,0.0
328,10.0,-5.052032003345325,2.858833969439882,-98.73046116427793,30.0,2.6666666666666665,13,1.5,False,True,1.240097524803424,71,43.486743799168835,824.875,in_progress,0.0
328,11.0,-5.052583552989787,2.753409365808869,-95.37799720673496,0.0,1.3333333333333333,6,1.5,False,True,1.4676119411162925,72,43.486743799168835,824.942,in_progress,0.0
328,12.0,-5.042069887340135,2.650261221529545,-90.99807250242496,-30.0,1.3333333333333333,0,1.5,False,True,1.594791054978062,72,43.486743799168835,825.004,in_progress,0.0
328,13.0,-5.027914811944327,2.551608429361954,-87.60681288519265,-30.0,4.0,2,1.5,False,True,1.7871205203008556,72,43.486743799168835,825.077,in_progress,0.0
328,14.0,-5.015345525543722,2.4433274123719535,-85.83746745094747,15.0,2.6666666666666665,10,1.1,False,True,2.008810536781108,73,43.486743799168835,825.146,in_progress,0.0
328,15.0,-5.003477497021031,2.3118623783101473,-85.27802606818537,-15.0,1.3333333333333333,3,1.1,False,True,2.17112278444041,73,43.486743799168835,825.218,in_progress,0.0
328,16.0,-4.994732894171634,2.1888115892792697,-85.46764939593848,0.0,1.3333333333333333,6,1.1,False,True,2.219545606039952,73,43.486743799168835,825.276,in_progress,0.0
328,17.0,-4.985314431659109,2.0775471225557953,-85.33690119435178,-30.0,2.6666666666666665,1,0.001,False,False,2.396260347980783,73,43.486743799168835,825.343,in_progress,0.0
328,18.0,-4.977986452979231,1.9497088973494314,-86.0869465963627,30.0,2.6666666666666665,13,0.001,False,False,2.5930243814474228,74,43.486743799168835,825.415,in_progress,0.0
328,19.0,-4.978248820440752,1.8163548108997667,-88.03367819199525,30.0,1.3333333333333333,12,0.001,False,False,2.7473219120218606,74,43.486743799168835,825.479,in_progress,0.0
328,20.0,-4.970206993759724,1.6828531935999744,-87.27546346457092,-15.0,2.6666666666666665,4,0.001,True,False,2.7473219120218606,74,43.486743799168835,825.544,off_track,0.0
329,1.0,-3.440145531124648,2.3048970464248,7.155652956083867,-15.0,2.6666666666666665,4,0.0,False,True,0.32117174130920634,78,43.486743799168835,825.664,prepare,0.0
329,2.0,-3.440337238009552,2.3047673423162913,7.142257483150283,30.0,2.6666666666666665,13,2.0,False,True,0.3206760042896162,78,43.486743799168835,825.749,in_progress,0.0
329,3.0,-3.424400874691938,2.3060901794690576,7.0191849671015945,30.0,4.0,14,2.0,False,True,0.3570917565926368,79,43.486743799168835,825.815,in_progress,0.0
329,4.0,-3.3973067553825027,2.312408020968368,7.712704027297692,-30.0,1.3333333333333333,0,2.0,False,True,0.4210660027435309,79,43.486743799168835,825.873,in_progress,0.0
329,5.0,-3.3588655555388467,2.320810280630602,8.26482317678399,15.0,4.0,11,2.0,False,True,0.5115482228293056,79,43.486743799168835,825.943,in_progress,0.0
329,6.0,-3.3037113173873403,2.3308165668578624,8.620303748059515,0.0,2.6666666666666665,7,2.0,False,True,0.6376722011728342,79,43.486743799168835,826.011,in_progress,0.0
329,7.0,-3.2357348639332746,2.3444447807619007,9.235650413455149,-15.0,1.3333333333333333,3,2.0,False,True,0.7963550315594592,79,43.486743799168835,826.062,in_progress,0.0
329,8.0,-3.151990403563039,2.358899065006915,9.447569168974171,30.0,1.3333333333333333,12,2.0,False,True,0.9902879926687036,80,43.486743799168835,826.148,in_progress,0.0
329,9.0,-3.0565190189057585,2.3782899363557926,10.238517752400146,30.0,2.6666666666666665,13,2.0,False,True,1.2129502586835816,80,43.486743799168835,826.208,in_progress,0.0
329,10.0,-2.973067305425196,2.4031049548262393,12.493692673671434,-30.0,2.6666666666666665,1,2.0,False,True,1.4097653094604867,80,43.486743799168835,826.25,in_progress,0.0
329,11.0,-2.8681991372286593,2.439168960908689,15.120897541643563,0.0,2.6666666666666665,7,2.0,False,True,1.6647765873703035,81,43.486743799168835,826.348,in_progress,0.0
329,12.0,-2.7478092287603717,2.480495807249082,16.844737735392332,30.0,1.3333333333333333,12,2.0,False,True,1.9573435821906127,81,43.486743799168835,826.411,in_progress,0.0
329,13.0,-2.631960658546087,2.529445544175653,19.55016685563521,30.0,2.6666666666666665,13,2.0,False,True,2.24589326652328,82,43.486743799168835,826.474,in_progress,0.0
329,14.0,-2.5196414988999827,2.5873218231081565,23.080622768798744,30.0,2.6666666666666665,13,2.0,False,True,2.5334805559297067,82,43.486743799168835,826.551,in_progress,0.0
329,15.0,-2.390925217498531,2.672480007927867,28.67059987607315,0.0,4.0,8,2.0,False,True,2.877157808103936,83,43.486743799168835,826.613,in_progress,0.0
329,16.0,-2.2725027074817206,2.7630743205024126,33.39317578378004,-15.0,2.6666666666666665,4,2.0,False,True,3.2025785648134186,83,43.486743799168835,826.674,in_progress,0.0
329,17.0,-2.134096354091304,2.891685872548823,39.29751901471333,15.0,4.0,11,1.5,False,True,3.5995609184884483,84,43.486743799168835,826.746,in_progress,0.0
329,18.0,-2.029225451048067,2.9981333508164134,42.59523328333832,15.0,2.6666666666666665,10,1.5,False,True,3.9072274541552487,85,43.486743799168835,826.811,in_progress,0.0
329,19.0,-1.8931766329710145,3.1560254316781453,47.37671977597044,15.0,1.3333333333333333,9,1.1,False,True,4.320990075404829,85,43.486743799168835,826.878,in_progress,0.0
329,20.0,-1.7954645935149744,3.2928780880739095,52.15376757360757,30.0,1.3333333333333333,12,1.1,False,True,4.63577724979719,86,43.486743799168835,826.946,in_progress,0.0
329,21.0,-1.7276659853056868,3.4038874085620976,55.73715087333204,-15.0,2.6666666666666665,4,1.1,False,True,4.867635149095623,86,43.486743799168835,827.008,in_progress,0.0
329,22.0,-1.6566434134363577,3.5444660716175633,60.126061329487904,15.0,1.3333333333333333,9,0.001,False,False,5.127486410113824,87,43.486743799168835,827.087,in_progress,0.0
329,23.0,-1.5987087383236596,3.6912291008905944,64.96665016606802,-15.0,4.0,5,0.001,False,False,5.363732618061745,87,43.486743799168835,827.15,in_progress,0.0
329,24.0,-1.5495621727492237,3.8391784717520423,68.85458531518415,-15.0,2.6666666666666665,4,0.001,True,False,5.581596288327995,88,43.486743799168835,827.204,off_track,0.0
330,1.0,-1.3794104022078861,3.0012342300137638,19.045911578581137,30.0,2.6666666666666665,13,0.0,False,True,0.3225599727169848,87,43.486743799168835,827.335,prepare,0.0
330,2.0,-1.3797057274448403,3.0010739234219184,19.024623478590403,-15.0,4.0,5,2.0,False,True,0.3217977331036903,87,43.486743799168835,827.413,in_progress,0.0
330,3.0,-1.3747721132841908,3.0031784418195837,19.169355426195086,-15.0,2.6666666666666665,4,2.0,False,True,0.3341010502589392,87,43.486743799168835,827.462,in_progress,0.0
330,4.0,-1.3626816122933825,3.0074999185418334,19.19280646881201,-30.0,2.6666666666666665,1,2.0,False,True,0.3636246474581939,87,43.486743799168835,827.548,in_progress,0.0
330,5.0,-1.3318517957285856,3.01450274363135,18.328170695765085,15.0,2.6666666666666665,10,2.0,False,True,0.43589298679544974,87,43.486743799168835,827.612,in_progress,0.0
330,6.0,-1.2875097135520834,3.024018447859654,17.13776917987717,-15.0,2.6666666666666665,4,2.0,False,True,0.5394179495421425,87,43.486743799168835,827.673,in_progress,0.0
330,7.0,-1.232066568935327,3.03685293190593,16.144253230487024,15.0,4.0,11,2.0,False,True,0.669563302800813,88,43.486743799168835,827.748,in_progress,0.0
330,8.0,-1.1523720169763163,3.0537965992234746,14.752926048941884,-15.0,4.0,5,2.0,False,True,0.8555956985492275,88,43.486743799168835,827.81,in_progress,0.0
330,9.0,-1.0733799352946949,3.0693270868463256,13.53007953510309,0.0,2.6666666666666665,7,2.0,False,True,1.0389917746293387,88,43.486743799168835,827.871,in_progress,0.0
330,10.0,-0.9710498065194142,3.089232499695246,12.397372994034308,30.0,1.3333333333333333,12,2.0,False,True,1.2764123329493282,89,43.486743799168835,827.943,in_progress,0.0
330,11.0,-0.8637261250561408,3.116018126878784,13.039011282478024,0.0,1.3333333333333333,6,2.0,False,True,1.530073532986087,89,43.486743799168835,828.012,in_progress,0.0
330,12.0,-0.7608177970473461,3.1473876489446106,14.535255953141098,-15.0,4.0,5,2.0,False,True,1.777330495724283,90,43.486743799168835,828.072,in_progress,0.0
330,13.0,-0.6734845227272094,3.173403954055961,15.224334624003156,30.0,1.3333333333333333,12,2.0,False,True,1.9867154338298998,90,43.486743799168835,828.146,in_progress,0.0
330,14.0,-0.5662732790948833,3.2054622983110796,15.850653598147218,-30.0,4.0,2,2.0,False,True,2.2436864337660123,90,43.486743799168835,828.209,in_progress,0.0
330,15.0,-0.45380205302284,3.246047020427401,17.60861829274416,-15.0,1.3333333333333333,3,2.0,False,True,2.5186067779537247,91,43.486743799168835,828.275,in_progress,0.0
330,16.0,-0.34914857106609987,3.2765318058588577,17.15007470459463,-15.0,1.3333333333333333,3,2.0,False,True,2.7685916266902755,91,43.486743799168835,828.341,in_progress,0.0
330,17.0,-0.24741873953665827,3.3011460819851077,15.78899913995491,-15.0,4.0,5,2.0,False,True,3.008188457335037,92,43.486743799168835,828.407,in_progress,0.0
330,18.0,-0.13686234111369128,3.32437545772245,14.133649368868658,-30.0,4.0,2,2.0,False,True,3.2829167485771804,93,43.486743799168835,828.464,in_progress,0.0
330,19.0,0.0013111889173805236,3.336761673966371,9.657800796463677,-30.0,2.6666666666666665,1,1.5,False,True,3.5975328533578876,94,43.486743799168835,828.543,in_progress,0.0
330,20.0,0.13966254079138574,3.3325741687588515,3.978916723557662,-15.0,1.3333333333333333,3,1.5,False,True,3.936672385348028,94,43.486743799168835,828.607,in_progress,0.0
330,21.0,0.2747889410172787,3.31279870605691,-3.1141321647191584,-30.0,2.6666666666666665,1,1.5,False,True,4.236276905568104,95,43.486743799168835,828.669,in_progress,0.0
330,22.0,0.4100307735657706,3.2808046074565,-9.030858701268446,0.0,2.6666666666666665,7,1.5,False,True,4.599068184572985,96,43.486743799168835,828.744,in_progress,0.0
330,23.0,0.5622934313526977,3.2270127705115783,-15.774732730190747,-30.0,2.6666666666666665,1,1.1,False,True,5.021748133125059,96,43.486743799168835,828.808,in_progress,0.0
330,24.0,0.7201000539518894,3.153642440274903,-22.595519382703866,-15.0,1.3333333333333333,3,1.1,False,True,5.397386510667335,97,43.486743799168835,828.877,in_progress,0.0
330,25.0,0.8526700067936492,3.0782344746736,-28.826276856317172,0.0,1.3333333333333333,6,1.1,False,True,5.859914079640161,98,43.486743799168835,828.943,in_progress,0.0
330,26.0,0.9704909902998626,2.998492431130891,-34.54484051308394,0.0,2.6666666666666665,7,1.1,False,True,6.367975654993552,99,43.486743799168835,829.017,in_progress,0.0
330,27.0,1.0837636760068556,2.905785819773197,-39.948670752648184,0.0,2.6666666666666665,7,1.1,False,True,6.957145477425842,100,43.486743799168835,829.058,in_progress,0.0
330,28.0,1.1908818665688683,2.7984046500346125,-44.772810762595974,-30.0,4.0,2,1.1,False,True,7.577658508183294,101,43.486743799168835,829.131,in_progress,0.0
330,29.0,1.2825702252691247,2.687477303448573,-49.28102732311253,-30.0,1.3333333333333333,0,1.1,False,True,8.124439250719407,102,43.486743799168835,829.211,in_progress,0.0
330,30.0,1.3710155466750558,2.5552616526915664,-56.35067898461063,-15.0,4.0,5,1.1,False,True,8.64304140623825,103,43.486743799168835,829.279,in_progress,0.0
330,31.0,1.4461474222796238,2.4156840698685835,-64.55325297031582,0.0,2.6666666666666665,7,1.5,False,True,9.15376188041741,103,43.486743799168835,829.346,in_progress,0.0
330,32.0,1.502674821893009,2.271244326778816,-74.3373395034616,30.0,1.3333333333333333,12,1.5,False,True,9.553749529891487,104,43.486743799168835,829.41,in_progress,0.0
330,33.0,1.5472155851926013,2.12667342596481,-84.0317079258506,30.0,4.0,14,2.0,False,True,9.775773020733636,104,43.486743799168835,829.493,in_progress,0.0
330,34.0,1.5866706514615343,1.9622249724349858,-92.1228134624966,30.0,4.0,14,1.5,False,True,10.042444001067363,105,43.486743799168835,829.553,in_progress,0.0
330,35.0,1.6037001729996458,1.8319012584653074,-97.81992651694532,30.0,1.3333333333333333,12,1.5,False,True,10.112448255225459,105,43.486743799168835,829.611,in_progress,0.0
330,36.0,1.6005140085164584,1.683066983078502,-107.68316273547131,-30.0,1.3333333333333333,0,1.1,False,True,10.326809940725745,105,43.486743799168835,829.685,in_progress,0.0
330,37.0,1.5883298823670662,1.5505670401125984,-116.7872410558273,-30.0,1.3333333333333333,0,1.1,False,True,10.534689423762666,106,43.486743799168835,829.755,in_progress,0.0
330,38.0,1.5718206124082454,1.4411583453488757,-123.80884208658985,0.0,1.3333333333333333,6,0.001,False,False,10.64924324259604,106,43.486743799168835,829.809,in_progress,0.0
330,39.0,1.5534138718507733,1.3527617263567906,-128.49699178402594,0.0,1.3333333333333333,6,0.001,False,False,10.64924324259604,106,43.486743799168835,829.867,in_progress,0.0
330,40.0,1.5245861656499469,1.2507979285333646,-132.0786247198537,30.0,2.6666666666666665,13,0.001,False,False,10.696171164802736,106,43.486743799168835,829.947,in_progress,0.0
330,41.0,1.4884322339321856,1.1583172319156148,-133.53169117012246,15.0,2.6666666666666665,10,0.001,True,False,10.855789262618575,106,43.486743799168835,830.004,off_track,0.0
331,1.0,0.7160586716241882,3.497080168429679,-4.7698027329751,-30.0,2.6666666666666665,1,0.0,False,True,0.32256207207660426,97,43.486743799168835,830.158,prepare,0.0
331,2.0,0.7157885287544743,3.4971106622167434,-4.76202269830512,-30.0,1.3333333333333333,0,2.0,False,True,0.32193718767850044,97,43.486743799168835,830.212,in_progress,0.0
331,3.0,0.7208943998879949,3.496272717165006,-4.891436531861163,0.0,2.6666666666666665,7,2.0,False,True,0.3337978369295169,97,43.486743799168835,830.275,in_progress,0.0
331,4.0,0.7387528430264863,3.4945737179125245,-4.901051250911016,0.0,2.6666666666666665,7,2.0,False,True,0.37504683020104235,97,43.486743799168835,830.342,in_progress,0.0
331,5.0,0.7726572339441745,3.491009310119746,-5.10551744750231,-30.0,2.6666666666666665,1,2.0,False,True,0.45342304582081105,97,43.486743799168835,830.408,in_progress,0.0
331,6.0,0.8234156301701328,3.4825834749618565,-6.017028467824136,-30.0,2.6666666666666665,1,2.0,False,True,0.5720008923228548,97,43.486743799168835,830.482,in_progress,0.0
331,7.0,0.8800670056837083,3.468948500311442,-7.786478935141869,30.0,4.0,14,2.0,False,True,0.7059916678152311,97,43.486743799168835,830.542,in_progress,0.0
331,8.0,0.961851207460157,3.447990449898842,-9.961746898877271,-15.0,2.6666666666666665,4,2.0,False,True,0.9001275113149521,98,43.486743799168835,830.605,in_progress,0.0
331,9.0,1.0523630234633004,3.4252156641213327,-11.459149073523731,-15.0,4.0,5,2.0,False,True,1.112657628369762,98,43.486743799168835,830.677,in_progress,0.0
331,10.0,1.16286648366945,3.391512485668743,-13.878364791990501,30.0,1.3333333333333333,12,2.0,False,True,1.3752623447912726,99,43.486743799168835,830.751,in_progress,0.0
331,11.0,1.2689978215617808,3.3564787102955655,-15.885745907333371,-15.0,4.0,5,2.0,False,True,1.6170170556431884,99,43.486743799168835,830.809,in_progress,0.0
331,12.0,1.3764783763295736,3.326606403543879,-15.786982035354624,30.0,2.6666666666666665,13,2.0,False,True,1.8386250453145125,99,43.486743799168835,830.874,in_progress,0.0
331,13.0,1.5145851071713439,3.286567882857742,-15.98952890985671,15.0,1.3333333333333333,9,1.5,False,True,2.139692696236628,100,43.486743799168835,830.944,in_progress,0.0
331,14.0,1.635217614232741,3.2595584175705783,-14.48425038424149,-15.0,2.6666666666666665,4,1.5,False,True,2.252754211463004,100,43.486743799168835,831.006,in_progress,0.0
331,15.0,1.76234374387321,3.231259304011946,-13.640500264214717,15.0,1.3333333333333333,9,1.1,False,True,2.467707219300841,100,43.486743799168835,831.075,in_progress,0.0
331,16.0,1.893222368658751,3.2040661634346277,-12.778852242476821,-30.0,2.6666666666666665,1,1.1,False,True,2.6852748021001127,101,43.486743799168835,831.142,in_progress,0.0
331,17.0,2.0273843368958477,3.177153646844181,-12.171942526954249,-30.0,2.6666666666666665,1,1.1,False,True,2.769676719094538,101,43.486743799168835,831.206,in_progress,0.0
331,18.0,2.155916237444891,3.141850428605424,-13.819136332617369,0.0,2.6666666666666665,7,0.001,False,False,2.7876608831937766,101,43.486743799168835,831.276,in_progress,0.0
331,19.0,2.304810549666873,3.0918792818956047,-16.54388212801572,30.0,4.0,14,0.001,False,False,3.007438838344345,101,43.486743799168835,831.343,in_progress,0.0
331,20.0,2.4964347603594566,3.0308046029912137,-17.16947637766661,15.0,1.3333333333333333,9,0.001,True,False,3.2832474062209127,102,43.486743799168835,831.402,off_track,0.0
332,1.0,1.4281465362132086,1.9207156891694726,-123.21936711144724,-15.0,4.0,5,0.0,False,True,0.30808713212746586,105,43.486743799168835,831.542,prepare,0.0
332,2.0,1.4280159707081708,1.9202270601223705,-123.16133902337526,-30.0,1.3333333333333333,0,2.0,False,True,0.30900987961691717,105,43.486743799168835,831.609,in_progress,0.0
332,3.0,1.4240223445397167,1.9153112380869366,-123.33516417368162,-30.0,1.3333333333333333,0,2.0,False,True,0.3231797456048735,105,43.486743799168835,831.672,in_progress,0.0
332,4.0,1.4098726084092958,1.8967342303564996,-123.74336978330793,15.0,2.6666666666666665,10,2.0,False,True,0.37500994903999496,106,43.486743799168835,831.745,in_progress,0.0
332,5.0,1.3848783553448727,1.867517474319261,-124.84970047385077,30.0,2.6666666666666665,13,2.0,False,True,0.4615219163806583,106,43.486743799168835,831.818,in_progress,0.0
332,6.0,1.3445862539544364,1.8059675505701809,-124.39178945571544,15.0,1.3333333333333333,9,2.0,False,True,0.6212331146858152,106,43.486743799168835,831.854,in_progress,0.0
332,7.0,1.3343573294746929,1.788040094353895,-123.97649340117614,0.0,1.3333333333333333,6,2.0,False,True,0.6492432425960315,106,43.486743799168835,831.941,in_progress,0.0
332,8.0,1.2836233613770731,1.6985367715709305,-122.36663416236328,-30.0,1.3333333333333333,0,1.5,False,True,0.8039693568056672,106,43.486743799168835,832.012,in_progress,0.0
332,9.0,1.2342318126430476,1.6243228402735466,-122.85024637842918,-15.0,1.3333333333333333,3,1.5,False,True,0.9751969500835678,107,43.486743799168835,832.076,in_progress,0.0
332,10.0,1.1840190763994867,1.5532120967883247,-123.64638954899729,30.0,2.6666666666666665,13,1.5,False,True,1.1453747875954767,107,43.486743799168835,832.141,in_progress,0.0
332,11.0,1.1272293374048443,1.4726986917118319,-124.26671313334346,-15.0,4.0,5,1.1,False,True,1.2264088628735847,107,43.486743799168835,832.218,in_progress,0.0
332,12.0,1.0585002776422232,1.3739002839906984,-124.58971312592458,30.0,1.3333333333333333,12,1.1,False,True,1.4196003123967293,107,43.486743799168835,832.273,in_progress,0.0
332,13.0,1.0052051148046375,1.2969195854075273,-124.87848273919775,-15.0,1.3333333333333333,3,1.1,False,True,1.577977529219865,108,43.486743799168835,832.343,in_progress,0.0
332,14.0,0.9388872177576025,1.1983879743371157,-124.48647544222132,30.0,4.0,14,0.001,False,False,1.7764358179638506,108,43.486743799168835,832.412,in_progress,0.0
332,15.0,0.8802006671084938,1.1042380078475451,-123.29027851996436,30.0,2.6666666666666665,13,0.001,False,False,1.803985955813503,108,43.486743799168835,832.473,in_progress,0.0
332,16.0,0.8291589227032797,0.9975307074306871,-119.94458179522086,30.0,4.0,14,0.001,False,False,1.8831786279861373,108,43.486743799168835,832.538,in_progress,0.0
332,17.0,0.780410333467556,0.8585956603200542,-114.28923974186104,-30.0,2.6666666666666665,1,0.001,True,False,6.16463420477289,116,43.486743799168835,832.614,off_track,0.0
333,1.0,-0.03517591042501213,0.7453830651135416,-84.66029693235025,30.0,2.6666666666666665,13,0.0,False,True,0.32055235702750373,114,43.486743799168835,832.744,prepare,0.0
333,2.0,-0.035317889357394064,0.7455404746766187,-84.67455477644951,30.0,4.0,14,2.0,False,True,0.32010324767156595,114,43.486743799168835,832.807,in_progress,0.0
333,3.0,-0.038999291538997116,0.7391660470041724,-85.94072563044614,-15.0,1.3333333333333333,3,2.0,False,True,0.33116886205100116,114,43.486743799168835,832.876,in_progress,0.0
333,4.0,-0.03703837672335333,0.7175674987384946,-86.01920331119322,30.0,2.6666666666666665,13,2.0,False,True,0.37956240240590855,114,43.486743799168835,832.943,in_progress,0.0
333,5.0,-0.03141840786486995,0.6857996464215617,-85.19148221151896,15.0,1.3333333333333333,9,2.0,False,True,0.45280703728107774,114,43.486743799168835,833.012,in_progress,0.0
333,6.0,-0.02167493777058068,0.6384838732235647,-83.81384743122982,-30.0,2.6666666666666665,1,2.0,False,True,0.5629360271056094,115,43.486743799168835,833.08,in_progress,0.0
333,7.0,-0.008444697833925558,0.5710738238444747,-82.48044395517053,-30.0,1.3333333333333333,0,2.0,False,True,0.7193434162683587,115,43.486743799168835,833.138,in_progress,0.0
333,8.0,-0.003251634556066023,0.4989965795552519,-83.44287769762842,15.0,1.3333333333333333,9,2.0,False,True,0.8448310417231375,115,43.486743799168835,833.211,in_progress,0.0
333,9.0,0.0028172161067565177,0.41393398923865443,-84.25674059950133,15.0,1.3333333333333333,9,2.0,False,True,1.014917201999388,115,43.486743799168835,833.274,in_progress,0.0
333,10.0,0.010456667263709443,0.34061398920024605,-84.25222144332174,15.0,1.3333333333333333,9,1.5,False,True,1.164614958060417,116,43.486743799168835,833.342,in_progress,0.0
333,11.0,0.020663165383930787,0.2473491298494577,-84.09375898375589,0.0,2.6666666666666665,7,1.5,False,True,1.3556618021379974,116,43.486743799168835,833.411,in_progress,0.0
333,12.0,0.035567134455028376,0.15018549922954869,-83.09003957016337,30.0,1.3333333333333333,12,1.5,False,True,1.4789693041297736,116,43.486743799168835,833.478,in_progress,0.0
333,13.0,0.05172524456208209,0.055875436747916285,-82.06451981327461,-15.0,2.6666666666666665,4,1.1,False,True,1.6632297613574765,116,43.486743799168835,833.539,in_progress,0.0
333,14.0,0.06839158143143602,-0.04423499913470019,-81.61107832980855,-15.0,2.6666666666666665,4,1.1,False,True,1.8580634569262844,117,43.486743799168835,833.609,in_progress,0.0
333,15.0,0.08460614248052559,-0.1645615234779065,-82.04481376137993,-15.0,4.0,5,1.1,False,True,2.0521288688836403,117,43.486743799168835,833.676,in_progress,0.0
333,16.0,0.09709336981559347,-0.29664974152658286,-83.43883313937167,0.0,1.3333333333333333,6,1.1,False,True,2.287437916948909,118,43.486743799168835,833.742,in_progress,0.0
333,17.0,0.10582601847492668,-0.42054057573222015,-85.02961589703825,-30.0,1.3333333333333333,0,0.001,False,False,2.503304374060822,118,43.486743799168835,833.804,in_progress,0.0
333,18.0,0.10917818931910403,-0.5451944908211106,-86.56531204811102,-15.0,2.6666666666666665,4,0.001,False,False,2.71973234598889,118,43.486743799168835,833.866,in_progress,0.0
333,19.0,0.10578571689450908,-0.6632984729286586,-88.81146832924881,-15.0,2.6666666666666665,4,0.001,True,False,2.9075295684345637,119,43.486743799168835,833.936,off_track,0.0
334,1.0,1.2775160197333064,-0.9403054599041857,-76.18553020575595,30.0,4.0,14,0.0,False,True,0.3229675775875629,123,43.486743799168835,834.084,prepare,0.0
334,2.0,1.2774672307980253,-0.9398559781427142,-76.14093623908117,15.0,1.3333333333333333,9,2.0,False,True,0.32193718767850044,123,43.486743799168835,834.141,in_progress,0.0
334,3.0,1.2781130219054861,-0.9488587981283615,-76.53271468347273,30.0,2.6666666666666665,13,2.0,False,True,0.3423926578950631,123,43.486743799168835,834.214,in_progress,0.0
334,4.0,1.2854398388957446,-0.9756703726132923,-76.30596305567784,15.0,4.0,11,2.0,False,True,0.4062881234048632,123,43.486743799168835,834.276,in_progress,0.0
334,5.0,1.2922247601339176,-1.0028290324668225,-76.29061425436242,0.0,1.3333333333333333,6,2.0,False,True,0.4659851096650125,123,43.486743799168835,834.342,in_progress,0.0
334,6.0,1.3047975069293518,-1.051491096277187,-76.09524859662496,-30.0,2.6666666666666665,1,2.0,False,True,0.5643182272525249,123,43.486743799168835,834.408,in_progress,0.0
334,7.0,1.3188779009578626,-1.111954151100909,-76.2509795230749,30.0,1.3333333333333333,12,2.0,False,True,0.687546912912318,123,43.486743799168835,834.483,in_progress,0.0
334,8.0,1.3364737920434868,-1.2005961971416772,-77.14472449551306,-30.0,1.3333333333333333,0,1.5,False,True,0.870279997962542,124,43.486743799168835,834.543,in_progress,0.0
334,9.0,1.3529633763895768,-1.2799723785743122,-77.53031412520544,-15.0,1.3333333333333333,3,1.5,False,True,1.0334129463514419,124,43.486743799168835,834.606,in_progress,0.0
334,10.0,1.3647513598886196,-1.3491559965841295,-78.30166184377293,30.0,4.0,14,1.5,False,True,1.1279918679799161,124,43.486743799168835,834.677,in_progress,0.0
334,11.0,1.3878264978612391,-1.4620830235578457,-78.38556023089666,15.0,2.6666666666666665,10,1.1,False,True,1.1279918679799161,124,43.486743799168835,834.747,in_progress,0.0
334,12.0,1.4124817239967433,-1.567594087282522,-77.76447914275559,0.0,1.3333333333333333,6,1.1,False,True,1.2202897616528818,124,43.486743799168835,834.808,in_progress,0.0
334,13.0,1.4447902626768,-1.6889036788925909,-76.56342335660668,-30.0,4.0,2,1.1,False,True,1.3539120463168963,124,43.486743799168835,834.879,in_progress,0.0
334,14.0,1.4708429471677174,-1.7941008303741537,-76.44384000687533,30.0,4.0,14,0.001,False,False,1.4731180651307851,125,43.486743799168835,834.944,in_progress,0.0
334,15.0,1.503237629956014,-1.9425203569681413,-77.15431509053093,-15.0,2.6666666666666665,4,0.001,False,False,1.648699773357587,125,43.486743799168835,835.008,in_progress,0.0
334,16.0,1.533415907307133,-2.080373199686612,-77.4785491589754,15.0,2.6666666666666665,10,0.001,True,False,1.7494761754878074,125,43.486743799168835,835.082,off_track,0.0
335,1.0,-0.5402365035850154,-1.5995690652665022,-165.02002044839045,-15.0,1.3333333333333333,3,0.0,False,True,0.3189317646742351,131,43.486743799168835,835.212,prepare,0.0
335,2.0,-0.5408528122307025,-1.5996012925270107,-165.04390958352008,30.0,4.0,14,2.0,False,True,0.32023756276702287,131,43.486743799168835,835.275,in_progress,0.0
335,3.0,-0.5507451952126793,-1.6016500430591973,-165.25595476411863,0.0,2.6666666666666665,7,2.0,False,True,0.34274355565715453,131,43.486743799168835,835.35,in_progress,0.0
335,4.0,-0.5726955829837033,-1.6080082987704454,-165.1461127707524,15.0,1.3333333333333333,9,2.0,False,True,0.3945126611547445,131,43.486743799168835,835.412,in_progress,0.0
335,5.0,-0.6122719812919928,-1.625878229919375,-163.57116588181347,30.0,1.3333333333333333,12,2.0,False,True,0.4943213312604833,132,43.486743799168835,835.462,in_progress,0.0
335,6.0,-0.6593012054328735,-1.6505694285741954,-161.206818118223,0.0,2.6666666666666665,7,2.0,False,True,0.6164156996935621,132,43.486743799168835,835.558,in_progress,0.0
335,7.0,-0.7253068598490172,-1.688556461473566,-158.01416403852485,15.0,2.6666666666666665,10,2.0,False,True,0.7787072490762936,132,43.486743799168835,835.605,in_progress,0.0
335,8.0,-0.7910708029690199,-1.7325528445766771,-154.39258307536662,-15.0,4.0,5,2.0,False,True,0.9582200454488876,132,43.486743799168835,835.679,in_progress,0.0
335,9.0,-0.8779368463932633,-1.7954134559301307,-150.26318195764838,30.0,1.3333333333333333,12,2.0,False,True,1.202802290059224,133,43.486743799168835,835.745,in_progress,0.0
335,10.0,-0.953093640203273,-1.8578883463229963,-146.58469046531357,15.0,1.3333333333333333,9,2.0,False,True,1.3678115872252983,133,43.486743799168835,835.794,in_progress,0.0
335,11.0,-1.0277944858787913,-1.9329513042505873,-142.06461397601927,15.0,2.6666666666666665,10,1.5,False,True,1.5938696665315666,133,43.486743799168835,835.879,in_progress,0.0
335,12.0,-1.0907753211835696,-2.0043772549084666,-138.18835925548413,0.0,2.6666666666666665,7,1.5,False,True,1.8016868454736157,134,43.486743799168835,835.946,in_progress,0.0
335,13.0,-1.1653133914641916,-2.098994900231617,-133.8429626678355,-15.0,4.0,5,1.5,False,True,1.9004350605085096,134,43.486743799168835,836.008,in_progress,0.0
335,14.0,-1.2497419518917567,-2.208017513039863,-130.88803712690233,15.0,2.6666666666666665,10,1.1,False,True,2.1506292804586824,134,43.486743799168835,836.051,in_progress,0.0
335,15.0,-1.330201830559659,-2.319616684276691,-128.41512466039552,-15.0,2.6666666666666665,4,1.1,False,True,2.4067722885686815,135,43.486743799168835,836.143,in_progress,0.0
335,16.0,-1.4175064864069058,-2.446297724832619,-126.45191585266227,15.0,1.3333333333333333,9,1.1,False,True,2.4630381025268155,135,43.486743799168835,836.208,in_progress,0.0
335,17.0,-1.4938478192930094,-2.5671436713541325,-124.3199216195037,-30.0,4.0,2,0.001,False,False,2.6239855685047386,135,43.486743799168835,836.286,in_progress,0.0
335,18.0,-1.5834613435838536,-2.71861816352103,-122.10872625264656,0.0,2.6666666666666665,7,0.001,False,False,2.900468125270983,136,43.486743799168835,836.348,in_progress,0.0
335,19.0,-1.6786510619148753,-2.865411472225137,-122.41488386440257,30.0,2.6666666666666665,13,0.001,True,False,3.0403453347055853,136,43.486743799168835,836.412,off_track,0.0
336,1.0,-0.2881277601922409,-3.3471084744296453,-43.39611535099803,-30.0,2.6666666666666665,1,0.0,False,True,0.3224401028450341,140,43.486743799168835,836.521,prepare,0.0
336,2.0,-0.2883744467067678,-3.3470509901390755,-43.41411870497503,30.0,2.6666666666666665,13,2.0,False,True,0.32193718767851154,140,43.486743799168835,836.582,in_progress,0.0
336,3.0,-0.27736511581812684,-3.3628430341464584,-44.42350689196507,0.0,2.6666666666666665,7,2.0,False,True,0.36495359884373135,140,43.486743799168835,836.678,in_progress,0.0
336,4.0,-0.25864209968216006,-3.3789821712011934,-44.0663792259013,30.0,2.6666666666666665,13,2.0,False,True,0.42179287428004697,140,43.486743799168835,836.733,in_progress,0.0
336,5.0,-0.22456199243147595,-3.4022927645769805,-42.450291987449695,30.0,1.3333333333333333,12,2.0,False,True,0.5160361443834915,140,43.486743799168835,836.815,in_progress,0.0
336,6.0,-0.1686041958331278,-3.4306945292854856,-38.56588936416524,0.0,1.3333333333333333,6,2.0,False,True,0.6557778132255887,141,43.486743799168835,836.874,in_progress,0.0
336,7.0,-0.11405549054829293,-3.454457085761395,-35.05260126607822,0.0,1.3333333333333333,6,2.0,False,True,0.7860385050391772,141,43.486743799168835,836.94,in_progress,0.0
336,8.0,-0.04286157092513715,-3.485873231156321,-31.719547138051468,15.0,2.6666666666666665,10,2.0,False,True,0.9595459678285012,141,43.486743799168835,837.015,in_progress,0.0
336,9.0,0.047264391091778435,-3.5201270665557427,-27.81299986519553,-30.0,1.3333333333333333,0,2.0,False,True,1.1687826698959292,141,43.486743799168835,837.084,in_progress,0.0
336,10.0,0.14618582974988978,-3.551092484370787,-23.925566391791858,-15.0,4.0,5,1.5,False,True,1.3886120866405727,142,43.486743799168835,837.142,in_progress,0.0
336,11.0,0.2336608846351758,-3.5764721179797876,-20.99696738543349,0.0,2.6666666666666665,7,1.5,False,True,1.5845885870114595,142,43.486743799168835,837.217,in_progress,0.0
336,12.0,0.35356397752819035,-3.6044443286282455,-17.484226798789287,0.0,1.3333333333333333,6,1.5,False,True,1.83838199211952,143,43.486743799168835,837.264,in_progress,0.0
336,13.0,0.44942109383295786,-3.6214616640808286,-14.590349783342566,-15.0,1.3333333333333333,3,1.1,False,True,2.0334693462641384,143,43.486743799168835,837.353,in_progress,0.0
336,14.0,0.5704296291192202,-3.6454319443570373,-12.925773556586522,30.0,2.6666666666666665,13,1.1,False,True,2.290673100941165,143,43.486743799168835,837.42,in_progress,0.0
336,15.0,0.6792063871587584,-3.6645240546539806,-11.657815480814321,30.0,2.6666666666666665,13,1.1,False,True,2.51293676976988,144,43.486743799168835,837.475,in_progress,0.0
336,16.0,0.7991222853375064,-3.6738578445308425,-8.450142539992651,15.0,2.6666666666666665,10,1.1,False,True,2.7466763662377436,144,43.486743799168835,837.547,in_progress,0.0
336,17.0,0.9472928573696107,-3.670903295704518,-3.4833506608586307,-15.0,1.3333333333333333,3,0.001,False,False,3.0088170582504126,145,43.486743799168835,837.616,in_progress,0.0
336,18.0,1.0782541643443453,-3.6612850184444077,0.1380149864891613,0.0,2.6666666666666665,7,0.001,False,False,3.2304645558094314,145,43.486743799168835,837.675,in_progress,0.0
336,19.0,1.20288867179755,-3.6477945860319165,2.964423539742549,30.0,4.0,14,0.001,False,False,3.4439339106185685,145,43.486743799168835,837.753,in_progress,0.0
336,20.0,1.3725174021203415,-3.615039609982602,7.759545152155632,15.0,1.3333333333333333,9,0.001,True,False,3.703515088485654,146,43.486743799168835,837.809,off_track,0.0
337,1.0,1.4025648821761438,-4.713700771164122,-37.53247600132853,-15.0,1.3333333333333333,3,0.0,False,True,0.3227009945280468,149,43.486743799168835,837.941,prepare,0.0
337,2.0,1.4022797381211591,-4.713526743637764,-37.510486304910586,-15.0,2.6666666666666665,4,2.0,False,True,0.32193718767851154,149,43.486743799168835,838.01,in_progress,0.0
337,3.0,1.408659193828869,-4.719202012986221,-37.696607455687015,15.0,4.0,11,2.0,False,True,0.3415205364494467,149,43.486743799168835,838.075,in_progress,0.0
337,4.0,1.4273590135430902,-4.731824009651799,-37.37888284719679,-30.0,2.6666666666666665,1,2.0,False,True,0.3933043585359619,149,43.486743799168835,838.138,in_progress,0.0
337,5.0,1.4647911763446264,-4.756453191699021,-36.59120500654372,-15.0,1.3333333333333333,3,2.0,False,True,0.4960704624532686,149,43.486743799168835,838.215,in_progress,0.0
337,6.0,1.5066856445730545,-4.786513437452682,-36.366039228542235,-30.0,1.3333333333333333,0,2.0,False,True,0.6146494559295501,149,43.486743799168835,838.244,in_progress,0.0
337,7.0,1.560225703356029,-4.832120661605595,-37.51180671357347,-15.0,2.6666666666666665,4,2.0,False,True,0.776125690267071,149,43.486743799168835,838.338,in_progress,0.0
337,8.0,1.616415101184182,-4.886469230052432,-39.49331622765298,15.0,1.3333333333333333,9,2.0,False,True,0.9546090457418721,150,43.486743799168835,838.413,in_progress,0.0
337,9.0,1.6806678767754462,-4.944205937866948,-40.29894239343197,15.0,1.3333333333333333,9,2.0,False,True,1.1525012365908416,150,43.486743799168835,838.484,in_progress,0.0
337,10.0,1.7538024280544127,-5.007945995718286,-40.58538487935415,-15.0,2.6666666666666665,4,2.0,False,True,1.375047215853753,150,43.486743799168835,838.535,in_progress,0.0
337,11.0,1.8206055907463674,-5.068586911178514,-41.1957234220224,15.0,1.3333333333333333,9,2.0,False,True,1.581681375559929,151,43.486743799168835,838.61,in_progress,0.0
337,12.0,1.8958212683979827,-5.141081738761541,-42.238673954462186,15.0,1.3333333333333333,9,2.0,False,True,1.8189993284775663,151,43.486743799168835,838.68,in_progress,0.0
337,13.0,1.9733167576601847,-5.205930020308992,-41.35927763240972,15.0,1.3333333333333333,9,2.0,False,True,2.050925022584704,152,43.486743799168835,838.741,in_progress,0.0
337,14.0,2.044675724613785,-5.262165802445121,-40.313855594051525,15.0,4.0,11,2.0,False,True,2.25974116545401,152,43.486743799168835,838.805,in_progress,0.0
337,15.0,2.1217354359552747,-5.321667969362874,-39.36999860920618,15.0,4.0,11,2.0,False,True,2.4772195314348933,152,43.486743799168835,838.88,in_progress,0.0
337,16.0,2.233054857540762,-5.391106977804466,-35.78025274307092,30.0,2.6666666666666665,13,2.0,False,True,2.778803300508814,153,43.486743799168835,838.941,in_progress,0.0
337,17.0,2.358314424188241,-5.4495973789985195,-30.544186249836205,15.0,1.3333333333333333,9,2.0,False,True,3.0922937792561056,153,43.486743799168835,839.008,in_progress,0.0
337,18.0,2.4984635592419435,-5.495107986113768,-24.132160697749644,15.0,1.3333333333333333,9,2.0,False,True,3.4196728458342984,154,43.486743799168835,839.079,in_progress,0.0
337,19.0,2.6107573181287007,-5.51987910543942,-19.222564972987694,-15.0,1.3333333333333333,3,2.0,False,True,3.669441414229535,154,43.486743799168835,839.142,in_progress,0.0
337,20.0,2.7044115014830394,-5.53533485538079,-15.702816427288544,15.0,4.0,11,2.0,False,True,3.87133188818346,155,43.486743799168835,839.197,in_progress,0.0
337,21.0,2.825134364072504,-5.5472866134777155,-11.244756505852427,0.0,2.6666666666666665,7,1.5,False,True,4.144597439818054,155,43.486743799168835,839.273,in_progress,0.0
337,22.0,2.949653100621997,-5.5533377262292145,-7.408569811884608,-30.0,2.6666666666666665,1,1.5,False,True,4.405358811625537,156,43.486743799168835,839.34,in_progress,0.0
337,23.0,3.10800889869488,-5.558238905065149,-4.574555801802408,15.0,4.0,11,1.5,False,True,4.814414962731228,156,43.486743799168835,839.382,in_progress,0.0
337,24.0,3.261739043681907,-5.565824542898403,-3.625302829815115,-15.0,4.0,5,1.1,False,True,5.3088983770585685,157,43.486743799168835,839.476,in_progress,0.0
337,25.0,3.4310362568776673,-5.571128596475888,-2.6359888014370108,-15.0,4.0,5,1.1,False,True,5.900849159399235,158,43.486743799168835,839.546,in_progress,0.0
337,26.0,3.6025818780434613,-5.584262243856714,-3.7748985941679165,30.0,4.0,14,1.5,False,True,6.433547909580339,159,43.486743799168835,839.609,in_progress,0.0
337,27.0,3.811817659253982,-5.6028903347439485,-4.577269957167027,0.0,1.3333333333333333,6,2.0,False,True,6.83084583800494,160,43.486743799168835,839.672,in_progress,0.0
337,28.0,4.008379024915943,-5.616866183773495,-4.4031771282985614,30.0,1.3333333333333333,12,2.0,False,True,7.19501298520584,160,43.486743799168835,839.734,in_progress,0.0
337,29.0,4.197706400640892,-5.620155499860178,-2.2678283298936943,-15.0,4.0,5,1.5,False,True,7.484713466425252,161,43.486743799168835,839.811,in_progress,0.0
337,30.0,4.370471878530193,-5.615739400247988,-0.07382268699064505,-15.0,1.3333333333333333,3,1.1,False,True,7.625757446318737,161,43.486743799168835,839.899,in_progress,0.0
337,31.0,4.589060825181676,-5.6064889892408445,2.0103962170528735,0.0,1.3333333333333333,6,1.1,False,True,7.910041136837975,162,43.486743799168835,839.959,in_progress,0.0
337,32.0,4.738867729330411,-5.596821457197514,2.89257299041767,-15.0,2.6666666666666665,4,0.001,False,False,8.062232839130868,162,43.486743799168835,840.012,in_progress,0.0
337,33.0,4.867089297277531,-5.586976841975586,3.6196190248984745,0.0,2.6666666666666665,7,0.001,False,False,8.062232839130868,162,43.486743799168835,840.071,in_progress,0.0
337,34.0,5.037149182421112,-5.575916876778451,3.657409069147025,-30.0,2.6666666666666665,1,0.001,True,False,8.22753908905658,162,43.486743799168835,840.132,off_track,0.0
338,1.0,3.239770159134416,-5.853839940055827,-19.071861659866208,0.0,1.3333333333333333,6,0.0,False,True,0.3185796051639156,157,43.486743799168835,840.277,prepare,0.0
338,2.0,3.2394425100249005,-5.853676780999758,-19.05980836039762,30.0,4.0,14,2.0,False,True,0.31779527134410124,157,43.486743799168835,840.341,in_progress,0.0
338,3.0,3.2505749373894886,-5.855925548123999,-18.540547402512978,-15.0,2.6666666666666665,4,2.0,False,True,0.3437580295057363,157,43.486743799168835,840.415,in_progress,0.0
338,4.0,3.274273245911666,-5.86352976772716,-18.479503417861544,-15.0,4.0,5,2.0,False,True,0.39961340236159826,157,43.486743799168835,840.467,in_progress,0.0
338,5.0,3.307898342961647,-5.877483908554242,-19.163318401534465,15.0,1.3333333333333333,9,2.0,False,True,0.47952475145798257,158,43.486743799168835,840.546,in_progress,0.0
338,6.0,3.3641897022022933,-5.897746830124604,-19.334573761095243,15.0,1.3333333333333333,9,2.0,False,True,0.6126581527265085,158,43.486743799168835,840.603,in_progress,0.0
338,7.0,3.4228204391244526,-5.91746281896485,-19.242155000482395,0.0,1.3333333333333333,6,2.0,False,True,0.7510350352520789,158,43.486743799168835,840.684,in_progress,0.0
338,8.0,3.506738300387937,-5.947322654906053,-19.38575394337961,15.0,4.0,11,1.5,False,True,0.8809285456660487,158,43.486743799168835,840.746,in_progress,0.0
338,9.0,3.581040916869955,-5.972399587440013,-19.260202604318298,0.0,2.6666666666666665,7,1.5,False,True,1.0349803566575,158,43.486743799168835,840.8,in_progress,0.0
338,10.0,3.672725690811824,-6.000004060367032,-18.403412831653608,30.0,1.3333333333333333,12,1.5,False,True,1.2267548591592736,159,43.486743799168835,840.875,in_progress,0.0
338,11.0,3.775002530644469,-6.024824201158545,-16.65182260892466,-30.0,1.3333333333333333,0,1.5,False,True,1.3315636725858115,159,43.486743799168835,840.947,in_progress,0.0
338,12.0,3.8838302701652094,-6.049240698516522,-15.048912880242607,15.0,2.6666666666666665,10,1.1,False,True,1.4682026891113198,159,43.486743799168835,841.01,in_progress,0.0
338,13.0,3.9719597675167133,-6.068927501549158,-14.20816453205713,-15.0,4.0,5,1.1,False,True,1.6221028611418165,160,43.486743799168835,841.057,in_progress,0.0
338,14.0,4.0978803938372925,-6.095486895425287,-13.097443945990054,-30.0,2.6666666666666665,1,1.1,False,True,1.8437789467472987,160,43.486743799168835,841.129,in_progress,0.0
338,15.0,4.22052535613916,-6.130576295194435,-14.39910623054403,30.0,2.6666666666666665,13,0.001,False,False,1.9082537191457805,160,43.486743799168835,841.211,in_progress,0.0
338,16.0,4.360536383192921,-6.179281120912591,-16.821215946911018,0.0,1.3333333333333333,6,0.001,False,False,1.9082537191457805,160,43.486743799168835,841.271,in_progress,0.0
338,17.0,4.4807724452625735,-6.224414206570615,-18.591305547123707,30.0,2.6666666666666665,13,0.001,True,False,1.9824822967191014,160,43.486743799168835,841.332,off_track,0.0
339,1.0,4.488807219223373,-4.350575816943705,78.94570097383803,15.0,2.6666666666666665,10,0.0,False,True,0.3227834688896425,166,43.486743799168835,841.477,prepare,0.0
339,2.0,4.488816379158577,-4.3507509988870146,78.94692391033774,15.0,4.0,11,2.0,False,True,0.32239210787984307,166,43.486743799168835,841.544,in_progress,0.0
339,3.0,4.4881118800680415,-4.345648108691886,79.34948877542439,0.0,1.3333333333333333,6,2.0,False,True,0.3335994637772566,166,43.486743799168835,841.615,in_progress,0.0
339,4.0,4.48927007426906,-4.324136632672345,79.7768670974989,-15.0,2.6666666666666665,4,2.0,False,True,0.3831922261605336,166,43.486743799168835,841.684,in_progress,0.0
339,5.0,4.493154657401651,-4.29106717345983,80.19572980299976,-15.0,4.0,5,2.0,False,True,0.4597373062164567,166,43.486743799168835,841.751,in_progress,0.0
339,6.0,4.499498756665059,-4.2428235279171105,80.63286196895258,-30.0,1.3333333333333333,0,2.0,False,True,0.5716249391761408,166,43.486743799168835,841.804,in_progress,0.0
339,7.0,4.515980583027043,-4.183987718989753,79.26786073430493,-30.0,4.0,2,2.0,False,True,0.7109097465111236,167,43.486743799168835,841.862,in_progress,0.0
339,8.0,4.53942054457447,-4.119802495505855,76.47244145483421,15.0,4.0,11,2.0,False,True,0.8646263145412836,167,43.486743799168835,841.948,in_progress,0.0
339,9.0,4.57866486613792,-4.029042276100488,72.70696627417198,15.0,4.0,11,2.0,False,True,1.0794168889555311,167,43.486743799168835,842.004,in_progress,0.0
339,10.0,4.616680283232114,-3.9367856880366,70.7471895775887,-30.0,2.6666666666666665,1,2.0,False,True,1.2989798654416407,168,43.486743799168835,842.065,in_progress,0.0
339,11.0,4.6603880135782445,-3.840401661706159,68.60090871134997,15.0,4.0,11,1.5,False,True,1.5292472230273968,168,43.486743799168835,842.153,in_progress,0.0
339,12.0,4.734378206649326,-3.6910539920529715,65.86227550822652,30.0,1.3333333333333333,12,1.5,False,True,1.8681276385639323,169,43.486743799168835,842.181,in_progress,0.0
339,13.0,4.742080566871687,-3.6744041971030112,65.7568221397532,15.0,1.3333333333333333,9,1.5,False,True,1.907207517230003,169,43.486743799168835,842.28,in_progress,0.0
339,14.0,4.831338920512602,-3.478563310846844,65.64630742833835,30.0,1.3333333333333333,12,1.5,False,True,2.364141197786229,169,43.486743799168835,842.347,in_progress,0.0
339,15.0,4.866609253740028,-3.3762129557083806,67.863979177115,30.0,1.3333333333333333,12,1.1,False,True,2.6027617472275555,170,43.486743799168835,842.418,in_progress,0.0
339,16.0,4.892234146212255,-3.267399712774534,71.51588801570263,0.0,1.3333333333333333,6,1.1,False,True,2.8553466643014502,170,43.486743799168835,842.478,in_progress,0.0
339,17.0,4.902931500005252,-3.185762842100346,75.01242919550812,-15.0,1.3333333333333333,3,1.1,False,True,3.043958357543197,171,43.486743799168835,842.549,in_progress,0.0
339,18.0,4.919722493994063,-3.0731809656305633,77.68158120380733,-15.0,4.0,5,1.1,False,True,3.304128623074043,171,43.486743799168835,842.616,in_progress,0.0
339,19.0,4.935919575811404,-2.9798016415020916,78.55006782829174,0.0,2.6666666666666665,7,1.1,False,True,3.5202560882830802,171,43.486743799168835,842.674,in_progress,0.0
339,20.0,4.950083724670412,-2.868857047293493,80.31373729143833,15.0,2.6666666666666665,10,1.1,False,True,3.7765388003233813,172,43.486743799168835,842.751,in_progress,0.0
339,21.0,4.960970989074013,-2.7252087928361033,83.0127052184034,-30.0,1.3333333333333333,0,1.1,False,True,4.107426735983887,172,43.486743799168835,842.807,in_progress,0.0
339,22.0,4.967459747198373,-2.588412569527072,85.1406373715843,-15.0,1.3333333333333333,3,1.1,False,True,4.427472093761398,173,43.486743799168835,842.885,in_progress,0.0
339,23.0,4.9767300650736495,-2.4691851674399703,85.35359102689513,15.0,2.6666666666666665,10,1.1,False,True,4.702354590757995,173,43.486743799168835,842.912,in_progress,0.0
339,24.0,4.987136039976089,-2.3469591354719874,85.2210173530255,-30.0,1.3333333333333333,0,1.1,False,True,4.984251622177583,174,43.486743799168835,843.016,in_progress,0.0
339,25.0,4.998052921442105,-2.2189373173675326,85.08662256455082,15.0,1.3333333333333333,9,1.1,False,True,5.309494000707687,1,43.486743799168835,843.082,in_progress,0.0
339,26.0,5.013441212008991,-2.103232170206389,83.93971879137791,0.0,1.3333333333333333,6,1.1,False,True,5.5850669751884965,1,43.486743799168835,843.139,in_progress,0.0
339,27.0,5.0266577743231915,-2.0042095924492953,83.3839311698746,30.0,1.3333333333333333,12,1.1,False,True,5.814609220786551,1,43.486743799168835,843.216,in_progress,0.0
339,28.0,5.036598950561173,-1.894238928695222,84.04425892681623,15.0,1.3333333333333333,9,1.1,False,True,6.068522809538408,2,43.486743799168835,843.264,in_progress,0.0
339,29.0,5.040592691794807,-1.811039814027335,85.05471762578462,0.0,2.6666666666666665,7,1.1,False,True,6.255043513648786,2,43.486743799168835,843.349,in_progress,0.0
339,30.0,5.044594240484702,-1.6903321747105728,86.2720358546402,-30.0,2.6666666666666665,1,1.1,False,True,6.532366842530735,3,43.486743799168835,843.409,in_progress,0.0
339,31.0,5.054552918714808,-1.5856558070361406,85.51146596196465,15.0,2.6666666666666665,10,1.1,False,True,6.771009420620516,3,43.486743799168835,843.478,in_progress,0.0
339,32.0,5.073869257947435,-1.44419748340572,83.91483030055481,0.0,1.3333333333333333,6,1.1,False,True,7.098867575413919,4,43.486743799168835,843.552,in_progress,0.0
339,33.0,5.095933117435541,-1.3019811329888975,82.5354304978045,15.0,1.3333333333333333,9,1.1,False,True,7.429828814080423,4,43.486743799168835,843.589,in_progress,0.0
339,34.0,5.109050580472932,-1.1960209904348618,82.66693701480705,30.0,2.6666666666666665,13,1.1,False,True,7.675163424148806,5,43.486743799168835,843.671,in_progress,0.0
339,35.0,5.11834267695756,-1.0598406731848269,84.33908510437915,15.0,2.6666666666666665,10,1.1,False,True,7.989930884332324,5,43.486743799168835,843.738,in_progress,0.0
339,36.0,5.117503481902417,-0.9213683000854322,87.21608607047693,-30.0,1.3333333333333333,0,1.1,False,True,8.307034219038627,6,43.486743799168835,843.807,in_progress,0.0
339,37.0,5.110498993490555,-0.7766720361958457,89.9082298005813,30.0,2.6666666666666665,13,1.1,False,True,8.636584710037837,6,43.486743799168835,843.867,in_progress,0.0
339,38.0,5.1058496626889,-0.6559341113958034,90.95496210412146,15.0,1.3333333333333333,9,1.1,False,True,8.912334082572556,7,43.486743799168835,843.946,in_progress,0.0
339,39.0,5.087999935120342,-0.5019368488991433,93.98858818139112,-15.0,4.0,5,1.1,False,True,9.260779421500189,7,43.486743799168835,844.007,in_progress,0.0
339,40.0,5.071189360674851,-0.3852942665144339,95.89849630148916,15.0,4.0,11,1.1,False,True,9.524865224659678,8,43.486743799168835,844.08,in_progress,0.0
339,41.0,5.049967473967062,-0.23722173700951485,97.1775336900104,-30.0,4.0,2,1.5,False,True,9.859984311587766,8,43.486743799168835,844.148,in_progress,0.0
339,42.0,5.024263004030723,-0.07833024133032579,98.18982174544597,-30.0,1.3333333333333333,0,1.5,False,True,10.219926644086101,9,43.486743799168835,844.213,in_progress,0.0
339,43.0,5.008429176740094,0.09144165958209943,96.82097096855239,-30.0,2.6666666666666665,1,1.5,False,True,10.605866752409668,10,43.486743799168835,844.281,in_progress,0.0
339,44.0,5.0055633582389785,0.23638231311469138,93.85951225242736,-15.0,4.0,5,1.5,False,True,10.937860971396333,10,43.486743799168835,844.345,in_progress,0.0
339,45.0,5.0162581509295805,0.40339593844657873,89.35234924168245,-30.0,1.3333333333333333,0,1.5,False,True,11.322614275717186,11,43.486743799168835,844.41,in_progress,0.0
339,46.0,5.041796311942532,0.5640456033907134,83.30028701452862,-30.0,2.6666666666666665,1,1.5,False,True,11.69504700721673,12,43.486743799168835,844.486,in_progress,0.0
339,47.0,5.076530839438719,0.723551712146553,78.4592823978554,30.0,2.6666666666666665,13,1.5,False,True,12.066928813160104,12,43.486743799168835,844.54,in_progress,0.0
339,48.0,5.123953651079084,0.8748819649121935,74.2153619516183,30.0,2.6666666666666665,13,1.5,False,True,12.422780521993914,13,43.486743799168835,844.611,in_progress,0.0
339,49.0,5.191578801672389,1.047293681994238,69.76765110293775,30.0,4.0,14,1.1,False,True,12.83080500798252,14,43.486743799168835,844.677,in_progress,0.0
339,50.0,5.257589634272864,1.2092672100731994,68.44037595348398,30.0,2.6666666666666665,13,1.1,False,True,13.216053169810436,14,43.486743799168835,844.744,in_progress,0.0
339,51.0,5.318010405099865,1.3782110181069827,69.54723261990878,15.0,2.6666666666666665,10,1.1,False,True,13.614951305379847,15,43.486743799168835,844.808,in_progress,0.0
339,52.0,5.372325761075475,1.5550177437984787,71.66322925754014,-15.0,2.6666666666666665,4,1.1,False,True,14.029839025457036,16,43.486743799168835,844.882,in_progress,0.0
339,53.0,5.421992788653217,1.7393876897093343,73.64562365913416,-15.0,1.3333333333333333,3,1.1,False,True,14.461408209555245,16,43.486743799168835,844.95,in_progress,0.0
339,54.0,5.473838397030532,1.9130463251648624,73.40740232552012,-30.0,1.3333333333333333,0,0.001,False,False,14.839105913915049,17,43.486743799168835,845.016,in_progress,0.0
339,55.0,5.529179842381256,2.074190537623135,71.96213283416813,30.0,2.6666666666666665,13,0.001,False,False,15.21632311124668,18,43.486743799168835,845.078,in_progress,0.0
339,56.0,5.577733644733111,2.192151564015316,69.98721013533172,0.0,4.0,8,0.001,False,False,15.407949486075609,18,43.486743799168835,845.146,in_progress,0.0
339,57.0,5.652736602575257,2.3570774730368425,67.15338778990585,15.0,1.3333333333333333,9,0.001,False,False,15.759946462016757,19,43.486743799168835,845.21,in_progress,0.0
339,58.0,5.720700678853878,2.498245872451146,65.13975056638198,-15.0,2.6666666666666665,4,0.001,True,False,15.985895283127505,19,43.486743799168835,845.277,off_track,0.0
